timestamp,AccX,AccY,AccZ
1622693209216,-0.47884035110473633,1.501164436340332,9.927556991577148
1622693209261,-0.2513911724090576,1.456871747970581,9.569623947143555
1622693209310,-0.2513911724090576,1.4472949504852295,9.526528358459473
1622693209367,-0.34835633635520935,1.5729905366897583,
1622693209368,,,9.537302017211914
1622693209434,-0.12449848651885986,1.413776159286499,9.580398559570312
1622693209501,-0.16639702022075653,1.5466543436050415,9.36013126373291
1622693209567,-0.3447650372982025,1.601720929145813,9.609128952026367
1622693209634,-0.3064578175544739,1.5741876363754272,9.556455612182617
1622693209700,-0.17836803197860718,,
1622693209701,,1.6077064275741577,9.299078941345215
1622693209768,0.0035913025494664907,1.400607943534851,9.660603523254395
1622693209834,-0.05027823522686958,1.4053963422775269,9.806650161743164
1622693209904,-1.4173674583435059,1.6831238269805908,9.84256362915039
1622693209973,-0.4405331015586853,1.4987702369689941,9.533711433410645
1622693210047,0.8152256608009338,1.9105730056762695,
1622693210048,,,9.35773754119873
1622693210103,0.46088382601737976,1.6903064250946045,
1622693210104,,,9.433155059814453
1622693210178,-0.13766659796237946,1.455674648284912,9.771934509277344
1622693210236,-0.5506663918495178,1.8112136125564575,9.32421875
1622693210305,-0.1256955862045288,1.6855180263519287,9.557653427124023
1622693210374,-0.22864626348018646,1.4472949504852295,9.709685325622559
1622693210443,-0.569819986820221,1.3443442583084106,9.342175483703613
1622693210514,0.13527239859104156,1.7741034030914307,9.605537414550781
1622693210575,0.22625206410884857,2.0458452701568604,9.193734169006348
1622693210641,-0.19033902883529663,1.282094955444336,9.39245319366455
1622693210705,-0.19033902883529663,1.7753005027770996,9.660603523254395
1622693210787,-0.424970805644989,1.4233529567718506,9.72165584564209
1622693210837,-0.17717093229293823,1.6316484212875366,9.277531623840332
1622693210904,-0.2693476974964142,1.6208745241165161,9.531316757202148
1622693210971,-0.16879121959209442,1.6112977266311646,9.476250648498535
1622693211037,-0.15562310814857483,1.5430630445480347,9.604340553283691
1622693211107,-0.20709845423698425,1.6184803247451782,9.461885452270508
1622693211176,-0.16519992053508759,1.6136919260025024,9.436745643615723
1622693211247,-0.21667525172233582,1.6675615310668945,9.38048267364502
1622693211301,-0.2190694510936737,1.6364368200302124,9.557653427124023
1622693211370,-0.36152446269989014,1.6639702320098877,9.651026725769043
1622693211446,-0.16879121959209442,1.6292542219161987,9.327810287475586
1622693211507,-0.27054479718208313,1.5969325304031372,9.728838920593262
1622693211584,-0.19871874153614044,1.7070658206939697,9.284713745117188
1622693211639,-0.2059013396501541,,
1622693211640,,1.6208745241165161,9.469067573547363
1622693211715,-0.29568392038345337,1.6268600225448608,9.618705749511719
1622693211771,-0.1364694982767105,1.6531962156295776,
1622693211772,,,9.297882080078125
1622693211853,-0.2214636504650116,1.5909470319747925,9.678560256958008
1622693211913,-0.21188685297966003,1.6639702320098877,9.44871711730957
1622693211970,-0.24899697303771973,1.6208745241165161,9.647436141967773
1622693212040,-0.2513911724090576,1.5837644338607788,
1622693212041,,,9.62828254699707
1622693212108,-0.23343466222286224,,
1622693212109,,1.723825216293335,9.313444137573242
1622693212181,-0.1711854189634323,1.6615760326385498,9.524134635925293
1622693212247,-0.24779987335205078,1.6519991159439087,9.452308654785156
1622693212316,-0.32202014327049255,1.742978811264038,9.355342864990234
1622693212369,-0.2932897210121155,1.6723499298095703,9.457097053527832
1622693212435,-0.2885012924671173,1.5885528326034546,9.708487510681152
1622693212501,-0.2214636504650116,,
1622693212502,,1.7705121040344238,9.340977668762207
1622693212571,-0.2106897532939911,1.644816517829895,9.551667213439941
1622693212638,-0.13168109953403473,,
1622693212639,,1.5765818357467651,9.612719535827637
1622693212710,-0.15801730751991272,1.6603789329528809,9.513360023498535
1622693212782,-0.14844051003456116,1.6328455209732056,9.534908294677734
1622693212835,-0.20231004059314728,1.622071623802185,9.44991397857666
1622693212907,-0.27413609623908997,1.701080322265625,9.398438453674316
1622693212968,-0.395043283700943,1.7405846118927002,9.643844604492188
1622693213048,-0.3315969407558441,1.6711528301239014,9.651026725769043
1622693213105,-0.23104046285152435,1.768117904663086,9.26915168762207
1622693213178,-0.2082955539226532,1.6627731323242188,9.39245319366455
1622693213234,-0.2885012924671173,1.6819267272949219,9.59476375579834
1622693213313,-0.3519476354122162,1.722628116607666,9.625887870788574
1622693213374,-0.30047231912612915,1.8327614068984985,9.254786491394043
1622693213449,-0.33997663855552673,1.6077064275741577,9.84495735168457
1622693213517,-0.1256955862045288,1.698686122894287,9.289502143859863
1622693213568,-0.3411737382411957,1.6723499298095703,9.569623947143555
1622693213635,-0.23343466222286224,1.680729627609253,9.361329078674316
1622693213703,-0.2849099934101105,,
1622693213704,,1.723825216293335,9.709685325622559
1622693213776,-0.1999158412218094,,
1622693213777,,1.7525556087493896,9.317035675048828
1622693213834,-0.2585737705230713,1.6879122257232666,9.616311073303223
1622693213907,-0.1843535304069519,,
1622693213908,,1.6950948238372803,9.390059471130371
1622693213976,-0.20470423996448517,1.7597382068634033,9.309853553771973
1622693214049,-0.2885012924671173,1.801636815071106,
1622693214050,,,9.476250648498535
1622693214103,-0.22266076505184174,1.6603789329528809,9.691728591918945
1622693214167,-0.28730419278144836,,
1622693214169,,1.799242615699768,9.425971984863281
1622693214235,-0.2885012924671173,1.7884687185287476,9.497797966003418
1622693214301,-0.23822307586669922,1.8052281141281128,9.452308654785156
1622693214368,-0.3232172429561615,1.8267759084701538,9.528923034667969
1622693214434,-0.22505496442317963,1.801636815071106,9.399636268615723
1622693214502,-0.15562310814857483,1.777694821357727,9.411606788635254
1622693214570,-0.1735796183347702,,
1622693214571,,1.768117904663086,9.501389503479004
1622693214642,0.0071826050989329815,1.7190368175506592,9.452308654785156
1622693214716,-0.2621650993824005,1.8160020112991333,9.690531730651855
1622693214768,-0.15921440720558167,,
1622693214769,,1.8183962106704712,9.339780807495117
1622693214839,-0.27413609623908997,,
1622693214840,,1.8279730081558228,9.423578262329102
1622693214906,-0.2669534981250763,,
1622693214907,,1.7884687185287476,9.781511306762695
1622693214986,-0.32202014327049255,1.7812861204147339,
1622693214987,,,9.657012939453125
1622693215045,-0.2992752194404602,1.8722656965255737,9.224859237670898
1622693215104,-0.2885012924671173,1.7573440074920654,9.519346237182617
1622693215182,-0.1999158412218094,1.8722656965255737,9.14345645904541
1622693215234,-0.23822307586669922,1.7836803197860718,9.502586364746094
1622693215302,-0.26815059781074524,1.8148049116134644,9.66419506072998
1622693215370,-0.26815059781074524,1.8171991109848022,9.522936820983887
1622693215441,-0.19632454216480255,1.820790410041809,9.29189682006836
1622693215513,-0.31842881441116333,1.7298107147216797,
1622693215514,,,9.575610160827637
1622693215568,-0.3471592366695404,1.7106571197509766,9.746794700622559
1622693215644,-0.30526071786880493,1.8387469053268433,9.330204010009766
1622693215717,-0.23822307586669922,1.7286136150360107,9.488221168518066
1622693215769,-0.2585737705230713,1.7764976024627686,9.3828763961792
1622693215842,-0.3076549172401428,1.7848774194717407,9.428366661071777
1622693215915,-0.2944868206977844,1.7298107147216797,9.564835548400879
1622693215984,-0.3411737382411957,,
1622693215985,,1.7872716188430786,9.651026725769043
1622693216037,-0.2190694510936737,1.8543092012405396,9.227252960205078
1622693216112,-0.2801215946674347,1.7848774194717407,9.501389503479004
1622693216184,-0.21428105235099792,1.7896658182144165,9.334992408752441
1622693216235,-0.19393034279346466,,
1622693216236,,1.7130513191223145,9.575610160827637
1622693216307,-0.2621650993824005,1.7693150043487549,9.261969566345215
1622693216380,-0.2190694510936737,1.8100165128707886,
1622693216381,,,9.87967300415039
1622693216450,-0.39384618401527405,2.0219032764434814,8.954314231872559
1622693216503,-0.2106897532939911,1.4760253429412842,9.692925453186035
1622693216577,-0.3495534360408783,2.145204782485962,8.513781547546387
1622693216634,-0.07302315533161163,1.8698714971542358,9.606734275817871
1622693216710,-0.17836803197860718,1.9369091987609863,8.984241485595703
1622693216784,-0.03711012750864029,2.100912094116211,9.29069995880127
1622693216837,-0.33279404044151306,2.0242974758148193,9.497797966003418
1622693216908,-0.3423708379268646,2.254140853881836,8.857349395751953
1622693216971,-0.5051765441894531,2.369062662124634,9.514557838439941
1622693217034,0.767341673374176,1.8291701078414917,9.797073364257812
1622693217102,-1.2485761642456055,2.4193408489227295,9.855731010437012
1622693217168,0.0933738648891449,1.5705963373184204,9.964667320251465
1622693217247,-0.6236895322799683,2.233790159225464,9.050082206726074
1622693217313,-0.524330198764801,2.1787235736846924,9.248801231384277
1622693217376,-0.26096799969673157,2.1164743900299072,9.641449928283691
1622693217444,-0.4010287821292877,2.3032219409942627,9.330204010009766
1622693217508,-0.24779987335205078,2.123656988143921,9.534908294677734
1622693217567,-0.6236895322799683,,
1622693217568,,2.2254104614257812,9.768342971801758
1622693217641,-0.545877993106842,2.382230758666992,9.260771751403809
1622693217718,-0.6428431272506714,2.4648306369781494,9.39245319366455
1622693217786,-0.6835445761680603,2.5474305152893066,
1622693217787,,,8.702922821044922
1622693217834,-0.6248866319656372,2.1751322746276855,10.326191902160645
1622693217900,-0.7829039692878723,,
1622693217901,,2.8095955848693848,8.53413200378418
1622693217967,-1.3946224451065063,3.134010076522827,8.878896713256836
1622693218034,-1.6208745241165161,4.741716384887695,8.316259384155273
1622693218100,-2.0183119773864746,,
1622693218101,,5.38096809387207,7.50582218170166
1622693218167,-1.5059528350830078,6.31829833984375,7.1239471435546875
1622693218234,-1.3503297567367554,7.3920979499816895,6.788758754730225
1622693218301,-1.070208191871643,7.965508937835693,4.955997467041016
1622693218367,-0.5973533391952515,8.259995460510254,3.290830135345459
1622693218443,-0.9253589510917664,8.4108304977417,3.5936968326568604
1622693218501,-0.8200140595436096,8.543708801269531,2.9508535861968994
1622693218567,-1.2892776727676392,,
1622693218568,,9.227252960205078,2.9652187824249268
1622693218634,-1.6148890256881714,,
1622693218635,,9.93354320526123,2.3810336589813232
1622693218701,-1.217451572418213,9.19972038269043,2.96162748336792
1622693218767,-1.2677297592163086,,
1622693218768,,9.490615844726562,2.4875755310058594
1622693218834,-1.479616641998291,,
1622693218835,,10.199298858642578,2.7090392112731934
1622693218901,-0.9672574996948242,10.57040023803711,1.9249382019042969
1622693218967,-0.6763619780540466,10.1382474899292,
1622693218968,,,1.9057846069335938
1622693219035,-1.1779472827911377,9.373299598693848,3.689464807510376
1622693219101,-1.2952631711959839,10.32978343963623,3.0310592651367188
1622693219168,-0.43933600187301636,10.267534255981445,1.4520833492279053
1622693219234,-1.9572598934173584,8.47906494140625,
1622693219235,,,3.861847400665283
1622693219300,-1.801636815071106,,
1622693219301,,8.8070707321167,2.561795711517334
1622693219368,-1.623268723487854,8.863334655761719,1.6400281190872192
1622693219434,-2.1045033931732178,8.7268648147583,3.228580951690674
1622693219501,-1.7046716213226318,10.105925559997559,1.4425065517425537
1622693219567,-1.035492181777954,,
1622693219568,,8.888473510742188,3.1878795623779297
1622693219634,-0.11372458189725876,9.684545516967773,2.718616008758545
1622693219701,-0.0802057534456253,10.089165687561035,1.8291701078414917
1622693219768,0.48961424827575684,8.880094528198242,2.3798365592956543
1622693219835,-0.19393034279346466,10.417171478271484,1.3215993642807007
1622693219902,-0.8056488633155823,7.715314865112305,2.3977930545806885
1622693219970,-0.11013327538967133,7.773972988128662,1.036689281463623
1622693220039,-2.169146776199341,10.757147789001465,1.9249382019042969
1622693220104,-1.7597382068634033,,
1622693220105,,8.270770072937012,1.8794482946395874
1622693220173,-2.7533318996429443,10.20648193359375,1.5921441316604614
1622693220237,-0.0347159244120121,9.485827445983887,
1622693220238,,,1.2880805730819702
1622693220306,-0.5961562395095825,10.324995040893555,1.6184803247451782
1622693220372,0.15682020783424377,,
1622693220373,,7.023390769958496,1.8100165128707886
1622693220436,-1.6915035247802734,14.83088207244873,0.9445125460624695
1622693220501,-0.02992752194404602,8.835801124572754,
1622693220502,,,1.7477672100067139
1622693220571,-1.482010841369629,14.074315071105957,1.3527239561080933
1622693220635,0.44532153010368347,10.359710693359375,0.628477931022644
1622693220704,-0.5626373887062073,,
1622693220705,,8.785523414611816,1.4413094520568848
1622693220770,0.6404489278793335,,
1622693220771,,10.247182846069336,0.07302315533161163
1622693220839,-0.3076549172401428,,
1622693220840,,8.451532363891602,0.6835445761680603
1622693220905,0.38067805767059326,9.616311073303223,0.304063618183136
1622693220969,0.28730419278144836,8.109161376953125,0.5279214978218079
1622693221038,5.275623321533203,4.982333660125732,0.6141127347946167
1622693221103,-0.3076549172401428,8.135497093200684,
1622693221104,,,0.019153613597154617
1622693221170,2.9939491748809814,5.055356979370117,-4.214992046356201
1622693221235,-2.962824583053589,,
1622693221236,,9.998186111450195,0.7589619159698486
1622693221306,-2.470816135406494,9.50737476348877,0.23582886159420013
1622693221369,-2.6168625354766846,9.490615844726562,-0.3687070608139038
1622693221438,-2.651578426361084,9.485827445983887,-0.23104046285152435
1622693221502,-2.3044190406799316,9.133879661560059,
1622693221503,,,-0.23582886159420013
1622693221568,-2.474407434463501,,
1622693221569,,9.07641887664795,-0.5374982953071594
1622693221635,-2.874239206314087,,
1622693221636,,9.531316757202148,-0.5207388401031494
1622693221706,-2.980781078338623,9.57441234588623,-0.4129997789859772
1622693221769,-3.159149169921875,9.147047996520996,
1622693221770,,,-0.30526071786880493
1622693221837,-3.09689998626709,,
1622693221838,,9.84495735168457,-0.6260837316513062
1622693221903,-3.023876667022705,9.690531730651855,
1622693221904,,,-1.0570400953292847
1622693221968,-2.5019407272338867,,
1622693221969,,9.725247383117676,-0.7984662652015686
1622693222039,-2.43011474609375,9.285911560058594,-0.8930372595787048
1622693222104,-2.674323320388794,9.578003883361816,
1622693222105,,,-2.4157495498657227
1622693222172,-2.166752576828003,,
1622693222173,,9.17936897277832,-1.5873557329177856
1622693222239,-1.9919757843017578,9.490615844726562,-2.6575639247894287
1622693222305,-2.4660277366638184,8.514978408813477,-3.47039532661438
1622693222369,-1.9728221893310547,,
1622693222370,,9.265560150146484,-2.6372132301330566
1622693222437,-1.8806453943252563,8.653841972351074,-3.624821424484253
1622693222501,-1.8351556062698364,8.787917137145996,-4.235342979431152
1622693222571,-1.6352397203445435,8.267178535461426,-3.6990416049957275
1622693222636,-1.533486247062683,8.076839447021484,-3.8343141078948975
1622693222702,-1.9596540927886963,,
1622693222703,,9.300276756286621,-4.5406036376953125
1622693222767,-1.6412252187728882,,
1622693222768,,8.826224327087402,-4.707000732421875
1622693222836,-1.3467384576797485,7.026981830596924,-3.8175547122955322
1622693222901,-6.435614109039307,16.68638801574707,-0.8918401598930359
1622693222967,-0.24660277366638184,,
1622693222968,,7.530961513519287,-0.31364041566848755
1622693223034,-0.3208230137825012,10.031704902648926,0.8044517636299133
1622693223101,-1.0055646896362305,9.080010414123535,0.08499415963888168
1622693223167,-0.6189011335372925,10.119093894958496,
1622693223168,,,0.7996633648872375
1622693223234,-0.05386953800916672,9.714473724365234,
1622693223235,,,-0.23702596127986908
1622693223303,-0.30885201692581177,9.623494148254395,0.3998316824436188
1622693223372,-0.5674257874488831,,
1622693223373,,9.385271072387695,0.061052143573760986
1622693223439,0.12090718746185303,,
1622693223440,,10.132261276245117,0.8655039072036743
1622693223506,-0.7110779285430908,,
1622693223507,,10.146626472473145,1.6112977266311646
1622693223569,-0.12330138683319092,10.78228759765625,-0.4321534037590027
1622693223637,-0.014365210197865963,12.090718269348145,1.116895079612732
1622693223706,-2.942473888397217,,
1622693223707,,10.222043991088867,0.4381389021873474
1622693223769,-2.9233202934265137,10.101137161254883,
1622693223770,,,0.35434186458587646
1622693223839,-2.3738510608673096,,
1622693223840,,9.683348655700684,-1.5382746458053589
1622693223903,-2.7760767936706543,8.251616477966309,-1.8064252138137817
1622693223973,-1.625662922859192,7.284358501434326,-1.016338586807251
1622693224039,-2.0171148777008057,,
1622693224040,,7.690176010131836,-3.7385458946228027
1622693224102,-1.0414776802062988,8.565256118774414,-3.977966070175171
1622693224171,-0.2669534981250763,,
1622693224172,,9.209297180175781,-4.280832767486572
1622693224236,-2.313995838165283,9.072827339172363,
1622693224237,,,-4.564545631408691
1622693224301,-2.3068132400512695,9.747992515563965,-4.886565685272217
1622693224368,-4.520252704620361,12.920309066772461,-1.260547161102295
1622693224435,-1.4927847385406494,3.5278561115264893,1.0043675899505615
1622693224504,1.4437036514282227,14.466963768005371,1.0043675899505615
1622693224571,-1.8471266031265259,8.367734909057617,0.34356793761253357
1622693224636,-0.2825157940387726,,
1622693224637,,10.036493301391602,0.6141127347946167
1622693224703,-0.2825157940387726,9.435548782348633,
1622693224704,,,0.8236053586006165
1622693224769,-0.6919242739677429,9.476250648498535,
1622693224770,,,0.4429273009300232
1622693224838,-0.44173020124435425,,
1622693224839,,9.624691009521484,0.9085995554924011
1622693224906,-1.1073182821273804,10.591948509216309,
1622693224907,,,1.88782799243927
1622693224973,-0.24899697303771973,,
1622693224974,,11.049241065979004,-0.3064578175544739
1622693225036,0.8690952062606812,,
1622693225037,,10.887632369995117,0.5027823448181152
1622693225106,-2.718616008758545,,
1622693225107,,10.584765434265137,0.6596025824546814
1622693225172,-3.444059133529663,10.54645824432373,0.31364041566848755
1622693225236,-2.074575662612915,9.331400871276855,-1.3539210557937622
1622693225303,-2.557007312774658,8.482656478881836,-1.8303672075271606
1622693225368,-1.0534487962722778,,
1622693225369,,6.621164798736572,-1.157596468925476
1622693225440,-1.525106430053711,6.309918403625488,
1622693225441,,,-3.4847605228424072
1622693225504,-0.9600749015808105,,
1622693225505,,9.339780807495117,-3.8343141078948975
1622693225573,-1.9405004978179932,,
1622693225574,,13.347674369812012,-4.720168590545654
1622693225642,-0.26336219906806946,6.613982200622559,-5.018246650695801
1622693226089,-2.914940595626831,7.7201032638549805,-3.19865345954895
1622693226134,-2.321178436279297,11.159374237060547,-0.8571242094039917
1622693226200,-2.4468741416931152,8.763975143432617,-1.2964602708816528
1622693226267,-1.6927006244659424,7.134721279144287,-0.7924807667732239
1622693226334,-2.140416383743286,6.390124320983887,-2.3020248413085938
1622693226401,0.14006079733371735,8.105569839477539,-4.017470359802246
1622693226467,-0.021547814831137657,10.789469718933105,-4.774038314819336
1622693226534,-2.831143617630005,10.091560363769531,-5.359420299530029
1622693226604,-0.4489128291606903,,
1622693226605,,8.031349182128906,-6.0872578620910645
1622693226668,-3.8798038959503174,16.640899658203125,
1622693226669,,,-3.994725465774536
1622693226738,-2.3104045391082764,6.196194171905518,
1622693226739,,,0.020350715145468712
1622693226804,-1.047463297843933,11.925518989562988,-0.8188169598579407
1622693226869,-0.45848962664604187,7.972691535949707,
1622693226870,,,1.3419500589370728
1622693226934,0.17238251864910126,,
1622693226935,,10.212467193603516,-0.8583213090896606
1622693229087,-0.05985504388809204,9.536105155944824,-0.18914192914962769
1622693229134,-0.9864110946655273,9.515754699707031,0.6967126727104187
1622693229200,0.40701428055763245,,
1622693229201,,10.74996566772461,1.8483237028121948
1622693229267,-0.15083470940589905,10.60272216796875,-1.0761936902999878
1622693229336,-0.6967126727104187,13.797784805297852,1.2437877655029297
1622693229403,-3.398569345474243,10.605116844177246,0.061052143573760986
1622693229468,-1.7717092037200928,10.899602890014648,
1622693229469,,,-2.1499931812286377
1622693229535,-2.8395233154296875,8.504204750061035,-1.3048399686813354
1622693229603,-1.1959037780761719,7.103596210479736,-1.2988544702529907
1622693229673,-1.8267759084701538,5.986701488494873,
1622693229674,,,-2.676717519760132
1622693229739,-0.005985504016280174,,
1622693229740,,8.845377922058105,-4.291606426239014
1622693229802,-0.9157821536064148,10.992977142333984,-3.5745432376861572
1622693229871,-2.5677812099456787,,
1622693229872,,9.682151794433594,-5.647922039031982
1622693229934,-0.8954314589500427,7.532158374786377,-5.415684223175049
1622693230216,-6.1530985832214355,10.846930503845215,-3.512293815612793
1622693230261,-0.8020575642585754,10.556035041809082,1.5406688451766968
1622693230327,-0.5351040959358215,11.215638160705566,-2.342726469039917
1622693230393,0.871489405632019,,
1622693230394,,14.05994987487793,2.074575662612915
1622693230464,-4.285621166229248,9.502586364746094,
1622693230465,,,1.314416766166687
1622693230528,-2.276885747909546,,
1622693230529,,10.721235275268555,-1.5921441316604614
1622693230594,-2.094926595687866,9.091980934143066,-1.0211269855499268
1622693230664,-2.6431987285614014,,
1622693230665,,7.509413719177246,-1.3994108438491821
1622693230732,-1.8195933103561401,,
1622693230733,,5.941211700439453,-1.2737152576446533
1622693230795,-1.2665326595306396,,
1622693230796,,7.490260124206543,-4.200626850128174
1622693230866,-0.365115761756897,10.098742485046387,-4.197035789489746
1622693230932,-2.0817582607269287,,
1622693230933,,11.184513092041016,-5.7305216789245605
1622693231000,-2.7066450119018555,9.317035675048828,-5.388150691986084
1622693231063,-3.1483752727508545,10.196905136108398,-4.486733913421631
1622693238088,-1.2737152576446533,,
1622693238089,-5.093664169311523,7.803900241851807,0.729034423828125
1622693238134,-1.8171991109848022,10.158597946166992,-1.3287819623947144
1622693238200,-2.7952303886413574,7.327454090118408,
1622693238201,,,-0.6488286852836609
1622693238268,-1.5059528350830078,5.483919143676758,-1.2198457717895508
1622693238336,-1.3335703611373901,6.01423454284668,-3.4093432426452637
1622693238401,-0.5410895943641663,10.700884819030762,-4.981136798858643
1622693238467,-1.677138328552246,13.491326332092285,-5.427655220031738
1622693238534,-1.5610195398330688,5.368997097015381,-4.620809078216553
1622693238600,-6.568492412567139,,
1622693238601,,17.660829544067383,-3.5661635398864746
1622693238667,-1.8602946996688843,4.78122091293335,0.011971008032560349
1622693238734,0.18794482946395874,12.682085990905762,-0.5674257874488831
1622693238801,-0.8846575021743774,6.605602264404297,1.5717934370040894
1622693238868,0.24660277366638184,9.47146224975586,-0.24779987335205078
1622693238934,-0.09457096457481384,9.016563415527344,0.009576806798577309
1622693239000,-1.0115501880645752,,
1622693239001,,10.32978343963623,0.7098808288574219
1622693239067,0.5805938839912415,,
1622693239068,,11.511322021484375,1.0869675874710083
1622693239134,0.8056488633155823,10.036493301391602,-0.4884171485900879
1622693239201,-1.678335428237915,12.02727222442627,1.9369091987609863
1622693239268,-2.9987375736236572,,
1622693239269,,11.947066307067871,-2.1966800689697266
1622693239334,-3.2130186557769775,,
1622693239335,,8.710105895996094,-0.39145198464393616
1622693239405,-1.8495208024978638,,
1622693239406,,6.560112476348877,-0.6584054827690125
1622693239469,-1.2437877655029297,5.006275653839111,
1622693239470,,,-0.45489832758903503
1622693239536,-1.4867992401123047,7.583633899688721,
1622693239537,,,-5.398924827575684
1622693239606,-0.36750996112823486,12.496535301208496,-4.807557106018066
1622693239672,-1.3730746507644653,,
1622693239673,,7.729680061340332,-7.758410453796387
1622693239738,-2.851494312286377,,
1622693239739,,5.112817764282227,0.9469067454338074
1622693239805,1.070208191871643,,
1622693239806,,9.029731750488281,3.7469255924224854
1622693239871,-0.23942017555236816,11.750741958618164,0.9911994934082031
1622693239939,-1.5478514432907104,,
1622693239940,,9.27034854888916,-1.723825216293335
1622693240006,-0.3292027413845062,8.427590370178223,0.16639702022075653
1622693240071,-0.333991140127182,9.084798812866211,-0.8188169598579407
1622693240135,-0.20470423996448517,,
1622693240136,,9.327810287475586,0.8738836050033569
1622693240202,-1.1839327812194824,10.6338472366333,0.8008604645729065
1622693240272,-0.6189011335372925,,
1622693240273,,11.814188003540039,-1.1264718770980835
1622693240339,0.6416460275650024,,
1622693240340,,15.619771957397461,1.8974047899246216
1622693240400,-4.595670223236084,,
1622693240401,,10.225635528564453,1.4544775485992432
1622693240468,-2.117671489715576,11.568782806396484,-3.154360771179199
1622693240536,-2.5246856212615967,,
1622693240537,,8.301894187927246,-0.21787235140800476
1622693240604,-1.799242615699768,,
1622693240605,,5.476736545562744,-1.4113819599151611
1622693240672,-1.6759412288665771,4.885368347167969,-1.6340426206588745
1622693240739,-0.9097966551780701,10.472238540649414,
1622693240740,,,-6.011840343475342
1622693240803,-1.9249382019042969,12.72996997833252,
1622693240804,,,-4.19344425201416
1622693240872,-1.522712230682373,4.608838081359863,-5.673060894012451
1622693240939,-5.361814498901367,,
1622693240940,,16.176424026489258,0.6763619780540466
1622693241002,-2.2397756576538086,,
1622693241003,,2.2170307636260986,0.7206547260284424
1622693241072,0.3423708379268646,14.736311912536621,1.4736311435699463
1622693241137,-1.1312602758407593,7.528567314147949,-0.3315969407558441
1622693241205,0.0071826050989329815,,
1622693241206,,9.683348655700684,-1.6615760326385498
1622693241272,-0.3387795388698578,,
1622693241273,,8.967482566833496,-0.13287819921970367
1622693241336,-0.6596025824546814,9.607931137084961,0.27054479718208313
1622693241402,-0.13287819921970367,,
1622693241403,,11.125855445861816,0.47405192255973816
1622693241472,-0.7793126702308655,,
1622693241473,,10.9091796875,-2.6659436225891113
1622693241535,-0.6057330369949341,13.837288856506348,1.3036428689956665
1622693241603,-4.274847030639648,11.592724800109863,1.5705963373184204
1622693241670,-1.7166426181793213,10.286687850952148,
1622693241671,,,-0.35913026332855225
1622693241739,-2.693476915359497,7.358579158782959,
1622693241740,,,-0.7242460250854492
1622693241802,-1.9405004978179932,,
1622693241803,,5.428852558135986,-1.2844891548156738
1622693241871,-1.5873557329177856,5.694608688354492,-2.7305870056152344
1622693241938,-0.5997475385665894,,
1622693241939,,11.048044204711914,-6.570886611938477
1622693242006,-2.559401512145996,,
1622693242007,,11.988965034484863,-4.410119533538818
1622693242067,-2.4576480388641357,,
1622693242068,,5.957971096038818,-5.579687118530273
1622693242134,-3.685873508453369,,
1622693242135,,18.188751220703125,-3.294421434402466
1622693242202,-1.6699557304382324,,
1622693242203,,5.682637691497803,0.14006079733371735
1622693242272,-0.5386953949928284,,
1622693242273,,11.931504249572754,-1.2497732639312744
1622693242339,-0.4106055796146393,6.473921298980713,1.161187767982483
1622693242402,-0.1256955862045288,,
1622693242403,,9.398438453674316,-0.23942017555236816
1622693242470,-0.08619125932455063,,
1622693242471,,9.240421295166016,-0.4596867263317108
1622693242538,-0.42856210470199585,,
1622693242539,,10.054450035095215,0.6045359373092651
1622693242605,0.5734112858772278,,
1622693242606,,11.30182933807373,1.7357962131500244
1622693242672,0.7266402244567871,,
1622693242673,,11.273098945617676,0.033518824726343155
1622693242740,-2.98437237739563,10.527304649353027,0.9433154463768005
1622693242804,-3.79840087890625,11.131840705871582,-2.0410568714141846
1622693242872,-2.7018566131591797,,
1622693242873,,9.599552154541016,-0.7026981711387634
1622693242938,-2.005143880844116,,
1622693242939,,6.110002517700195,-0.9971849918365479
1622693243006,-1.4197616577148438,5.105635166168213,-0.06703764945268631
1622693243070,-1.416170358657837,7.204153060913086,-3.487154722213745
1622693243135,-0.6967126727104187,10.528501510620117,
1622693243136,,,-5.57250452041626
1622693243201,-1.6711528301239014,10.409989356994629,-7.111976146697998
1622693243271,-2.367865562438965,7.274781703948975,-5.297171115875244
1622693243338,0.07182604819536209,9.184157371520996,1.1228805780410767
1622693243406,-0.586579442024231,11.390414237976074,1.581370234489441
1622693243469,-1.8375498056411743,,
1622693243470,,10.005369186401367,-1.3766659498214722
1622693243537,-0.6488286852836609,7.856573104858398,0.5530605912208557
1622693243603,0.1173158809542656,,
1622693243604,,9.635464668273926,-0.5829881429672241
1622693243671,-0.2669534981250763,,
1622693243672,,9.26795482635498,0.39624038338661194
1622693243738,-0.8451532125473022,,
1622693243739,,9.950302124023438,0.6799532771110535
1622693243803,0.6117185354232788,11.771092414855957,1.1061211824417114
1622693243872,-0.07062894850969315,11.718420028686523,1.1001356840133667
1622693243939,-3.6320040225982666,9.680954933166504,1.1899182796478271
1622693244006,-2.1511902809143066,11.766304016113281,
1622693244007,,,-4.206612586975098
1622693244072,-2.584540843963623,8.621520042419434,-0.43095630407333374
1622693244137,-2.2397756576538086,6.166266441345215,
1622693244138,,,-0.750582218170166
1622693244205,-1.436521053314209,,
1622693244206,,5.015852451324463,-0.33279404044151306
1622693244273,-1.3072341680526733,,
1622693244274,,8.155848503112793,-4.786009311676025
1622693244340,-0.8918401598930359,12.45703125,-5.505466938018799
1622693244402,-1.9129672050476074,,
1622693244403,,7.857769966125488,-6.199785232543945
1622693244472,-6.054935932159424,,
1622693244473,,12.248735427856445,1.2832920551300049
1622693244540,-0.10175357013940811,3.0166940689086914,3.4129345417022705
1622693244606,1.039083480834961,15.132552146911621,2.1045033931732178
1622693244672,-2.3235726356506348,8.198944091796875,-0.10773907601833344
1622693244738,-0.14365209639072418,8.619126319885254,-0.7146692276000977
1622693244806,0.043095629662275314,,
1622693244807,,9.560047149658203,-0.8463503122329712
1622693244873,-0.7912836670875549,,
1622693244874,,9.692925453186035,0.5123591423034668
1622693244939,0.1412578970193863,,
1622693244940,,10.76193618774414,1.680729627609253
1622693245004,-1.191115379333496,12.251130104064941,-2.3558945655822754
1622693245072,1.2282254695892334,,
1622693245073,,13.91270637512207,0.7398083209991455
1622693245139,-5.360617637634277,,
1622693245140,,10.994174003601074,0.6799532771110535
1622693245206,-1.1204863786697388,11.675324440002441,-2.737769603729248
1622693245269,-2.274491548538208,,
1622693245270,,7.582436561584473,0.2214636504650116
1622693245339,-2.0003554821014404,5.166687488555908,-1.5298948287963867
1622693245406,-1.9381062984466553,5.760449409484863,
1622693245407,,,-1.8363527059555054
1622693245472,-0.645237386226654,,
1622693245473,,10.747570991516113,-6.502651691436768
1622693245536,-1.3946224451065063,13.30457878112793,-2.539050817489624
1622693245601,-1.0115501880645752,,
1622693245602,,3.1088709831237793,-6.870162010192871
1622693245667,-5.305551052093506,,
1622693245668,,18.74061393737793,0.8786720037460327
1622693245734,-2.5965118408203125,0.4644751250743866,1.0223240852355957
1622693245802,1.7070658206939697,17.95771026611328,1.0534487962722778
1622693245868,-1.8088194131851196,7.734468460083008,
1622693245869,,,0.8451532125473022
1622693245935,-0.38067805767059326,8.987833023071289,-1.2054805755615234
1622693246002,0.05027823522686958,9.010578155517578,-0.42856210470199585
1622693246068,-0.7565677165985107,,
1622693246069,,9.945513725280762,0.5003881454467773
1622693246137,1.070208191871643,,
1622693246138,,11.350910186767578,1.5382746458053589
1622693246204,0.46567222476005554,10.06043529510498,-0.181959331035614
1622693246271,-0.5961562395095825,13.670891761779785,
1622693246272,,,2.8562827110290527
1622693246338,-4.9583916664123535,,
1622693246339,,11.675324440002441,0.7110779285430908
1622693246406,-2.3307554721832275,,
1622693246407,,9.707290649414062,-1.6172832250595093
1622693246470,-2.1978771686553955,7.321468830108643,-0.99479079246521
1622693246539,-1.4544775485992432,6.184223175048828,-0.6667851805686951
1622693246606,-1.8938134908676147,5.602431774139404,-3.1196448802948
1622693246672,-1.1767501831054688,,
1622693246673,,9.318233489990234,-6.445190906524658
1622693246734,-2.0015525817871094,12.793416976928711,-5.100846767425537
1622693246800,-2.230198860168457,6.399701118469238,
1622693246801,,,-5.979518890380859
1622693246867,-3.5685577392578125,16.4254207611084,-3.163937568664551
1622693246934,-2.454056739807129,3.309983968734741,1.1312602758407593
1622693247001,1.2521674633026123,14.221558570861816,-0.3758896589279175
1622693247068,-1.070208191871643,7.186196327209473,1.5131354331970215
1622693247134,-0.010773907415568829,9.411606788635254,-0.15322890877723694
1622693247200,-0.21188685297966003,,
1622693247201,,9.561244010925293,-0.14484919607639313
1622693247267,-0.4357447028160095,10.194510459899902,0.6548141837120056
1622693247334,1.159990668296814,11.225214958190918,1.6328455209732056
1622693247400,-0.0011971008498221636,9.96945571899414,-0.5590460896492004
1622693247467,-2.0039467811584473,,
1622693247468,,11.544840812683105,0.9576807022094727
1622693247534,-3.6583402156829834,11.6058931350708,-2.3558945655822754
1622693247601,-2.716221809387207,9.986215591430664,-0.35673606395721436
1622693247668,-2.7246015071868896,7.111976146697998,-0.49799394607543945
1622693247737,-1.8136078119277954,5.546168327331543,-0.7433996200561523
1622693247801,-1.2497732639312744,5.655104637145996,-3.3063924312591553
1622693247867,-0.9205705523490906,11.568782806396484,-7.281964302062988
1622693247934,-2.3546974658966064,10.216058731079102,-4.619612216949463
1622693248001,-3.2106244564056396,5.738901615142822,-0.5877765417098999
1622693248067,0.6117185354232788,6.657077789306641,2.2613234519958496
1622693248134,-0.5195417404174805,,
1622693248135,,11.599906921386719,2.455253839492798
1622693248200,-1.7537527084350586,10.291476249694824,-1.522712230682373
1622693248267,-0.38067805767059326,,
1622693248268,,7.400477409362793,1.035492181777954
1622693248334,-0.08379705995321274,9.48462963104248,-0.3064578175544739
1622693248401,0.031124621629714966,9.345766067504883,0.2753331959247589
1622693248467,-0.8523358106613159,9.943120002746582,0.5518634915351868
1622693248534,0.0802057534456253,11.019312858581543,1.8710685968399048
1622693248600,0.0933738648891449,10.87566089630127,
1622693248601,,,0.15801730751991272
1622693248667,-1.9369091987609863,10.538078308105469,-0.3411737382411957
1622693248734,-4.132391929626465,10.913968086242676,-0.8966285586357117
1622693248800,-1.843535304069519,10.293869972229004,-0.7374141216278076
1622693248867,-1.6136919260025024,,
1622693248868,,6.877344608306885,-1.0091559886932373
1622693248934,-1.9033904075622559,5.52821159362793,-0.40222588181495667
1622693249000,-2.2158336639404297,5.451597213745117,
1622693249001,,,-3.3446998596191406
1622693249067,-1.1240776777267456,11.907562255859375,-7.044938564300537
1622693249134,-1.86508309841156,12.302605628967285,-4.417302131652832
1622693249201,-2.118868589401245,,
1622693249202,,8.670601844787598,-7.114370346069336
1622693249268,-1.6699557304382324,7.842207431793213,-4.321534156799316
1622693249334,0.3363853394985199,,
1622693249335,,11.510124206542969,2.4612393379211426
1622693249400,-2.211045265197754,,
1622693249401,,9.035717010498047,-1.4891934394836426
1622693249421,-2.36188006401062,8.176198959350586,0.008379706181585789
1622693249440,-1.3646949529647827,,
1622693249441,,8.209717750549316,1.0666168928146362
1622693249460,-0.1999158412218094,,
1622693249461,,8.317456245422363,1.2042834758758545
1622693249481,-0.0802057534456253,8.847772598266602,0.1951274424791336
1622693249501,0.038307227194309235,9.525331497192383,-0.9923965930938721
1622693249520,-0.1388636976480484,,
1622693249521,,9.59835433959961,-0.4572925269603729
1622693249540,-0.36990416049957275,,
1622693249541,,9.372102737426758,-0.12449848651885986
1622693249560,-0.5434837937355042,,
1622693249561,,9.260771751403809,0.36750996112823486
1622693249581,-0.46327802538871765,8.84058952331543,0.2932897210121155
1622693249600,-0.33279404044151306,,
1622693249601,,9.113529205322266,0.15682020783424377
1622693249620,-0.5398924946784973,,
1622693249621,,9.386467933654785,0.24420857429504395
1622693249641,-0.7386112213134766,9.671378135681152,1.039083480834961
1622693249661,-0.7026981711387634,9.716867446899414,1.3419500589370728
1622693249681,-0.690727174282074,,
1622693249682,,10.02691650390625,1.0462661981582642
1622693249701,-0.5566518902778625,10.435128211975098,0.8750807046890259
1622693249721,-0.2322375625371933,10.972626686096191,1.3682862520217896
1622693249740,-0.028730420395731926,,
1622693249741,,11.245565414428711,1.5095441341400146
1622693249760,-0.6787561774253845,,
1622693249761,,11.480196952819824,-0.1604115068912506
1622693249780,-1.0654197931289673,,
1622693249781,,11.623848915100098,-2.099714994430542
1622693249800,-0.2082955539226532,,
1622693249801,,10.26394271850586,-0.52552729845047
1622693249821,-0.07900865375995636,12.053608894348145,
1622693249822,,,2.1080946922302246
1622693249841,0.42018240690231323,14.589068412780762,2.2170307636260986
1622693249861,-0.7326257228851318,14.665682792663574,1.1839327812194824
1622693249880,-2.0422539710998535,,
1622693249881,,9.963470458984375,0.6835445761680603
1622693249901,-4.373009204864502,8.757989883422852,1.2342109680175781
1622693249920,-5.0254292488098145,,
1622693249921,,10.38844108581543,-0.14006079733371735
1622693249941,-3.647566318511963,10.834959983825684,-0.3124433159828186
1622693249960,-1.1408370733261108,,
1622693249961,,11.494562149047852,-2.671929121017456
1622693249980,-1.0594342947006226,11.560402870178223,
1622693249981,,,-0.9133879542350769
1622693250000,-1.9189527034759521,,
1622693250001,,10.60152530670166,-0.2908954918384552
1622693250020,-2.3475148677825928,,
1622693250021,,9.767146110534668,-0.29807811975479126
1622693250040,-2.4468741416931152,,
1622693250041,,8.684967041015625,-0.729034423828125
1622693250061,-2.7042508125305176,7.625532627105713,-0.6536170840263367
1622693250080,-1.92134690284729,,
1622693250081,,6.979097843170166,-0.41778820753097534
1622693250101,-2.1296424865722656,6.428431510925293,-1.2102689743041992
1622693250120,-0.6212953329086304,,
1622693250121,,6.422446250915527,-2.2840683460235596
1622693250141,-2.0901381969451904,6.531382083892822,-1.037886381149292
1622693250160,-1.3204022645950317,,
1622693250161,,5.413290023803711,0.1280897855758667
1622693250180,-1.7489643096923828,,
1622693250181,,5.200206279754639,
1622693250200,-2.762908697128296,,
1622693250201,,5.4659624099731445,-1.8758569955825806
1622693250220,-1.3072341680526733,,
1622693250221,,6.7277069091796875,-4.511873245239258
1622693250240,-1.3204022645950317,,
1622693250241,,9.410409927368164,-5.325901508331299
1622693250260,-0.8858546018600464,,
1622693250261,,11.305420875549316,-6.233304023742676
1622693250281,-0.5530605912208557,11.280281066894531,-5.78798246383667
1622693250300,-0.8810662031173706,,
1622693250301,,11.24795913696289,-6.025008678436279
1622693250320,-1.5610195398330688,,
1622693250321,,11.903970718383789,-5.187037944793701
1622693250341,-2.0853497982025146,11.678915977478027,-4.7153801918029785
1622693250361,-1.9776105880737305,9.825803756713867,-5.108029365539551
1622693250380,-1.4425065517425537,,
1622693250381,,7.412448406219482,-5.499481201171875
1622693250400,-1.3754688501358032,,
1622693250401,,7.096413612365723,-7.3023152351379395
1622693250420,-2.146401882171631,,
1622693250421,,7.286752700805664,-1.3838485479354858
1622693250440,-7.156269073486328,,
1622693250441,,10.763134002685547,0.993593692779541
1622693250461,-8.300697326660156,16.92341423034668,-7.07606315612793
1622693250480,-0.7661445140838623,,
1622693250481,,11.367670059204102,-1.5682021379470825
1622693250500,-0.46567222476005554,,
1622693250501,,5.8203043937683105,3.220201253890991
1622693250521,-0.9157821536064148,4.917690277099609,1.2976573705673218
1622693250541,-0.5482721924781799,9.240421295166016,1.8962076902389526
1622693250560,-0.2537853717803955,,
1622693250561,,13.266271591186523,2.076969861984253
1622693250580,-0.6955155730247498,,
1622693250581,,14.2431058883667,-0.43335050344467163
1622693250600,-1.113303780555725,,
1622693250601,,10.506954193115234,-1.890222191810608
1622693250621,-1.7525556087493896,8.785523414611816,-0.6715735793113708
1622693250643,-1.456871747970581,8.544905662536621,0.6440402865409851
1622693250661,-1.0235211849212646,8.967482566833496,0.4644751250743866
1622693250682,-0.7469909191131592,9.211690902709961,-0.23942017555236816
1622693250702,-0.8367735147476196,9.278728485107422,-0.690727174282074
1622693250722,-0.5925649404525757,9.046490669250488,-0.6404489278793335
1622693250741,-0.5327098965644836,,
1622693250742,,9.191340446472168,0.3794809579849243
1622693250761,-0.33039984107017517,,
1622693250762,,9.697713851928711,0.44532153010368347
1622693250781,-0.26815059781074524,,
1622693250782,,9.399636268615723,0.1604115068912506
1622693250801,-0.2621650993824005,,
1622693250802,,9.0859956741333,-0.040701430290937424
1622693250822,-0.33039984107017517,9.65222454071045,0.3818751573562622
1622693250846,-0.2406172752380371,9.774328231811523,0.9445125460624695
1622693250861,-0.35673606395721436,,
1622693250862,,9.724050521850586,0.9852139949798584
1622693250882,-0.8942343592643738,9.896432876586914,0.99479079246521
1622693250901,-1.213860273361206,,
1622693250902,,9.627084732055664,0.20949265360832214
1622693250925,-1.1563993692398071,9.551667213439941,-0.07541735470294952
1622693250941,-0.5973533391952515,,
1622693250942,,9.999382972717285,1.0295066833496094
1622693250961,0.07900865375995636,,
1622693250962,,10.505757331848145,1.843535304069519
1622693250981,0.31124621629714966,,
1622693250982,,10.715250015258789,1.6304513216018677
1622693251001,-0.7793126702308655,,
1622693251002,,11.262324333190918,0.19393034279346466
1622693251021,-1.116895079612732,,
1622693251022,,10.991780281066895,-0.889445960521698
1622693251041,-0.9756371974945068,,
1622693251042,,11.8225679397583,-0.2059013396501541
1622693251061,-0.30526071786880493,,
1622693251062,,13.069947242736816,0.7481880187988281
1622693251081,-1.3874398469924927,,
1622693251082,,12.551602363586426,1.235408067703247
1622693251101,-3.357867956161499,,
1622693251102,,10.897209167480469,0.9026140570640564
1622693251122,-4.37420654296875,9.197325706481934,1.3263877630233765
1622693251141,-4.220977783203125,,
1622693251142,,8.631096839904785,1.094150185585022
1622693251161,-4.525041103363037,,
1622693251162,,9.850942611694336,-0.5303156971931458
1622693251182,-3.02986216545105,10.457873344421387,-1.015141487121582
1622693251201,-2.074575662612915,,
1622693251202,,10.29865837097168,0.10055647045373917
1622693251221,-2.3570916652679443,,
1622693251222,,10.344148635864258,0.6787561774253845
1622693251240,-3.0526070594787598,,
1622693251241,,9.835380554199219,-0.7481880187988281
1622693251260,-3.270479440689087,,
1622693251261,,8.902838706970215,-1.1228805780410767
1622693251280,-3.7158010005950928,,
1622693251281,,8.69334602355957,-0.48243165016174316
1622693251301,-3.4763808250427246,8.746018409729004,-0.0347159244120121
1622693251324,-2.874239206314087,8.146271705627441,-1.868674397468567
1622693251343,-2.4432828426361084,7.661445617675781,-2.1954829692840576
1622693251361,-2.3020248413085938,,
1622693251362,,7.131129741668701,-1.2282254695892334
1622693251381,-2.1775264739990234,7.510610580444336,
1622693251382,,,-0.9923965930938721
1622693251401,-2.165555477142334,7.736862659454346,-1.3850456476211548
1622693251422,-2.412158250808716,7.785943984985352,-1.725022315979004
1622693251441,-2.4145524501800537,,
1622693251442,,7.668628215789795,-2.491166830062866
1622693251461,-2.2625205516815186,,
1622693251462,,7.880515098571777,-2.8119897842407227
1622693251482,-2.1116859912872314,8.414422035217285,-2.786850690841675
1622693251501,-1.98958158493042,,
1622693251502,,8.913613319396973,-3.0119056701660156
1622693251522,-1.6531962156295776,9.070432662963867,-3.4835634231567383
1622693251542,-1.1994950771331787,9.32421875,-3.335123062133789
1622693251561,-1.0235211849212646,,
1622693251562,,9.623494148254395,-2.827552318572998
1622693251581,-0.9026140570640564,,
1622693251582,,9.865307807922363,-3.2357635498046875
1622693251601,-1.0642226934432983,,
1622693251602,,9.835380554199219,-3.604470729827881
1622693251622,-0.8954314589500427,,
1622693251623,,9.90122127532959,-3.9001545906066895
1622693251641,-1.4101848602294922,,
1622693251642,,9.858125686645508,-4.199429988861084
1622693251661,-2.364274263381958,,
1622693251662,,8.65982723236084,-2.826355218887329
1622693251681,-2.3798365592956543,,
1622693251682,,8.02536392211914,-2.4588451385498047
1622693251703,-2.1152772903442383,7.8960771560668945,-2.9053637981414795
1622693251721,-2.495955228805542,,
1622693251722,,8.916007041931152,-2.7234044075012207
1622693251741,-3.75291109085083,,
1622693251742,,11.471817016601562,-1.8698714971542358
1622693251762,-4.787206172943115,13.777433395385742,-2.0602104663848877
1622693251780,-3.4093432426452637,,
1622693251781,,14.732720375061035,-4.304774761199951
1622693251800,-0.44412440061569214,,
1622693251801,,9.561244010925293,-3.6595373153686523
1622693251821,-1.0247182846069336,6.259640216827393,-0.32441434264183044
1622693251841,-2.2421698570251465,,
1622693251842,,6.550535678863525,0.767341673374176
1622693251861,-2.627636432647705,7.9176249504089355,-0.49559974670410156
1622693251882,-1.6101006269454956,10.126276016235352,-0.9062053561210632
1622693251901,-0.7050924301147461,10.36449909210205,
1622693251902,,,-0.37469255924224854
1622693251922,-1.580173134803772,10.08437728881836,-0.23582886159420013
1622693251941,-2.691082715988159,,
1622693251942,,9.478644371032715,0.08499415963888168
1622693251961,-2.564189910888672,,
1622693251962,,9.227252960205078,0.30526071786880493
1622693251981,-2.0661959648132324,,
1622693251982,,9.278728485107422,-0.08140286058187485
1622693252001,-1.800439715385437,,
1622693252002,,9.93354320526123,-0.48722004890441895
1622693252021,-1.4496891498565674,,
1622693252022,,10.176554679870605,-0.5650315880775452
1622693252042,-1.7345991134643555,,
1622693252043,,9.816226959228516,-0.061052143573760986
1622693252062,-1.7980455160140991,9.411606788635254,-0.061052143573760986
1622693252082,-1.2318167686462402,9.345766067504883,0.05626374110579491
1622693252101,-0.9888052940368652,,
1622693252102,,9.708487510681152,0.09696517139673233
1622693252120,-1.3850456476211548,,
1622693252121,,9.956287384033203,0.0694318488240242
1622693252141,-1.478419542312622,9.694122314453125,-0.36152446269989014
1622693252162,-1.4939818382263184,9.502586364746094,-0.5734112858772278
1622693252181,-1.5837644338607788,9.520543098449707,-0.07541735470294952
1622693252201,-1.6711528301239014,,
1622693252202,,9.724050521850586,0.23942017555236816
1622693252221,-1.699883222579956,10.007762908935547,0.2908954918384552
1622693252242,-1.478419542312622,9.470264434814453,0.29807811975479126
1622693252261,-0.9923965930938721,9.623494148254395,-0.33279404044151306
1622693252281,-0.706289529800415,,
1622693252282,,10.235212326049805,0.016759412363171577
1622693252302,-0.7721300721168518,10.375272750854492,0.45010992884635925
1622693252322,-0.8930372595787048,10.245985984802246,0.45010992884635925
1622693252342,-1.072602391242981,10.190919876098633,0.2106897532939911
1622693252362,-1.3311761617660522,,
1622693252363,,9.709685325622559,0.4596867263317108
1622693252381,-1.3467384576797485,,
1622693252382,,9.57201862335205,0.2825157940387726
1622693252401,-1.2856862545013428,,
1622693252402,,9.872490882873535,0.1472434103488922
1622693252421,-0.8224082589149475,,
1622693252422,,9.66299819946289,0.7625532150268555
1622693252441,-0.9576807022094727,,
1622693252442,,9.586383819580078,0.36990416049957275
1622693252461,-1.113303780555725,,
1622693252462,,9.672574996948242,0.23104046285152435
1622693252481,-1.0283095836639404,,
1622693252482,,9.865307807922363,0.24899697303771973
1622693252503,-1.0546458959579468,9.822212219238281,0.10893617570400238
1622693252522,-1.071405291557312,,
1622693252523,,9.737217903137207,0.0011971008498221636
1622693252541,-0.8403648138046265,,
1622693252544,,9.823410034179688,-0.15562310814857483
1622693252561,-0.7589619159698486,9.919178009033203,-0.09816227108240128
1622693252582,-0.8032546639442444,9.734824180603027,-0.05267243832349777
1622693252601,-0.8655039072036743,9.485827445983887,
1622693252602,,,0.06584054976701736
1622693252621,-0.9552865028381348,,
1622693252622,,9.455899238586426,-0.17238251864910126
1622693252641,-0.8906430602073669,,
1622693252642,,9.607931137084961,-0.014365210197865963
1622693252661,-0.8702923059463501,,
1622693252662,,9.848548889160156,0.1711854189634323
1622693252681,-0.7912836670875549,,
1622693252682,,9.962273597717285,-0.08858546614646912
1622693252703,-0.7781155705451965,,
1622693252704,,9.96825885772705,-0.09457096457481384
1622693252721,-0.6404489278793335,,
1622693252722,,9.90122127532959,0.22026655077934265
1622693252742,-0.8583213090896606,9.8784761428833,0.2106897532939911
1622693252761,-1.1037269830703735,,
1622693252762,,10.141838073730469,0.4572925269603729
1622693252782,-1.381454348564148,10.229227066040039,0.8152256608009338
1622693252801,-1.6160861253738403,,
1622693252802,,10.132261276245117,0.7625532150268555
1622693252887,-2.4217350482940674,9.02135181427002,0.08738835901021957
1622693252954,-2.1990742683410645,,
1622693252955,,10.02452278137207,-0.05386953800916672
1622693253021,-2.565387010574341,,
1622693253024,,9.436745643615723,-0.45848962664604187
1622693253089,-2.495955228805542,,
1622693253090,,9.339780807495117,-0.6847416758537292
1622693253155,-2.981978178024292,,
1622693253157,,9.14585018157959,-0.9720458984375
1622693253221,-2.738966703414917,,
1622693253222,,9.423578262329102,-1.1228805780410767
1622693253288,-2.2864625453948975,8.825027465820312,-1.3658920526504517
1622693253358,-2.9472622871398926,,
1622693253359,,9.023746490478516,-1.291671872138977
1622693253422,-3.047818660736084,,
1622693253423,,9.63067626953125,0.42377370595932007
1622693253488,-3.117250680923462,,
1622693253489,,9.38048267364502,-0.7553706169128418
1622693253557,-3.1244332790374756,9.244012832641602,-0.6799532771110535
1622693253622,-3.227383852005005,9.188945770263672,-1.0462661981582642
1622693253688,-3.313575267791748,9.192537307739258,-0.9540894031524658
1622693253756,-3.361459255218506,9.388861656188965,-1.260547161102295
1622693253821,-2.9053637981414795,,
1622693253822,,9.374496459960938,-1.3275848627090454
1622693253888,-2.715024709701538,9.048885345458984,
1622693253889,,,-1.3407529592514038
1622693253954,-2.719813108444214,,
1622693253955,,9.155426979064941,-1.6543933153152466
1622693254021,-2.0697872638702393,9.138668060302734,-1.9081788063049316
1622693254088,-2.2601263523101807,,
1622693254089,,9.154230117797852,-1.9273324012756348
1622693254156,-2.84790301322937,,
1622693254157,,9.443928718566895,-0.9840168952941895
1622693254226,-2.779668092727661,,
1622693254227,,10.05923843383789,-2.3068132400512695
1622693254292,-2.369062662124634,8.910021781921387,-0.11252748221158981
1622693254355,-1.702277421951294,,
1622693254356,,9.99339771270752,-0.6799532771110535
1622693254423,-1.4520833492279053,9.824606895446777,-0.27892449498176575
1622693254488,-1.0965443849563599,9.798270225524902,-0.047884032130241394
1622693254555,-1.2066776752471924,9.877279281616211,0.13766659796237946
1622693254622,-0.9864110946655273,,
1622693254623,,9.86650562286377,0.11851298063993454
1622693254688,-0.790086567401886,,
1622693254689,,9.818621635437012,0.24181437492370605
1622693254756,-1.159990668296814,9.702502250671387,-0.004788403399288654
1622693254824,-0.8367735147476196,,
1622693254825,,9.676166534423828,0.5530605912208557
1622693254891,-0.6955155730247498,,
1622693254892,,9.84495735168457,0.36152446269989014
1622693254954,-0.23104046285152435,9.971850395202637,0.26096799969673157
1622693255021,-0.8224082589149475,9.804255485534668,-0.3148375153541565
1622693255087,-0.10534487664699554,9.897629737854004,-0.08499415963888168
1622693255157,-0.45010992884635925,9.66299819946289,0.8954314589500427
1622693255224,-1.7705121040344238,,
1622693255225,,9.838972091674805,
1622693255293,-1.655590534210205,,
1622693255294,,9.546878814697266,-0.27653029561042786
1622693255355,-1.41257905960083,9.707290649414062,
1622693255356,,,-0.6117185354232788
1622693255425,-1.5969325304031372,9.601945877075195,-0.8487445116043091
1622693255493,-1.9692308902740479,9.384073257446289,
1622693255494,,,-1.0199298858642578
1622693255556,-1.337161660194397,,
1622693255557,,9.854534149169922,-1.4065934419631958
1622693255626,-1.7393875122070312,9.354146003723145,-1.7142484188079834
1622693255688,-1.5849615335464478,,
1622693255689,,9.718064308166504,-1.6424223184585571
1622693255754,-1.9249382019042969,9.560047149658203,-1.7166426181793213
1622693256084,-2.250549554824829,,
1622693256086,-2.716221809387207,9.39245319366455,-1.5550340414047241
1622693256133,-2.469619035720825,9.491812705993652,-1.655590534210205
1622693256199,-2.3558945655822754,,
1622693256200,,9.385271072387695,-1.6328455209732056
1622693256266,-2.3798365592956543,9.364919662475586,-1.6412252187728882
1622693256336,-2.233790159225464,,
1622693256337,,9.287108421325684,-1.4891934394836426
1622693256404,-2.254140853881836,,
1622693256405,,9.679757118225098,-1.7310078144073486
1622693256468,-2.5498247146606445,9.249998092651367,-1.334767460823059
1622693256535,-2.5127146244049072,9.159018516540527,-1.357512354850769
1622693256605,-2.278082847595215,9.619902610778809,
1622693256606,,,-1.4856021404266357
1622693256672,-2.120065689086914,9.555258750915527,
1622693256673,,,-1.381454348564148
1622693256738,-2.2361843585968018,9.431957244873047,
1622693256739,,,-1.3527239561080933
1622693256801,-2.409764051437378,,
1622693256802,,9.488221168518066,-1.2401964664459229
1622693256867,-2.3020248413085938,9.422380447387695,-1.212663173675537
1622693256933,-2.2661118507385254,9.466673851013184,-1.237802267074585
1622693257000,-2.297236442565918,9.455899238586426,-1.170764684677124
1622693257066,-2.3989901542663574,9.47265911102295,-1.279700756072998
1622693257133,-2.346317768096924,9.435548782348633,-1.1899182796478271
1622693257200,-2.2816741466522217,,
1622693257201,,9.50857162475586,-1.159990668296814
1622693257268,-2.3092074394226074,9.408015251159668,
1622693257269,,,-1.2545616626739502
1622693257333,-2.449268341064453,9.530119895935059,-1.2880805730819702
1622693257404,-2.2900538444519043,9.366117477416992,-1.357512354850769
1622693257468,-2.3499090671539307,,
1622693257469,,9.410409927368164,-1.3730746507644653
1622693257535,-2.279279947280884,9.477447509765625,-1.4844050407409668
1622693257601,-2.300827741622925,,
1622693257602,,9.446322441101074,-1.6651673316955566
1622693257668,-2.121262788772583,9.409213066101074,
1622693257669,,,-1.577778935432434
1622693257734,-2.185906171798706,9.470264434814453,-1.7741034030914307
1622693257801,-2.0374655723571777,9.498994827270508,-1.4520833492279053
1622693257866,-2.2888567447662354,9.430760383605957,-1.6041151285171509
1622693257933,-2.1523873805999756,9.349357604980469,-1.6651673316955566
1622693258000,-2.160767078399658,9.385271072387695,-1.643619418144226
1622693258066,-2.164358377456665,9.406818389892578,-1.6519991159439087
1622693258133,-2.160767078399658,9.44871711730957,-1.7082629203796387
1622693258199,-1.8710685968399048,,
1622693258200,,9.083600997924805,-1.7142484188079834
1622693258266,-2.032677173614502,9.696516990661621,-1.557428240776062
1622693258333,-2.229001760482788,9.691728591918945,-1.4987702369689941
1622693258400,-2.248155355453491,9.592369079589844,-0.7110779285430908
1622693258466,-2.322375535964966,9.478644371032715,-1.678335428237915
1622693258533,-2.345120668411255,9.411606788635254,-1.6400281190872192
1622693258599,-2.1272482872009277,,
1622693258600,,9.470264434814453,-1.622071623802185
1622693258666,-2.315192937850952,9.534908294677734,-1.5598224401474
1622693258733,-2.454056739807129,9.315838813781738,-1.9512743949890137
1622693258799,-2.1140801906585693,9.374496459960938,-1.533486247062683
1622693258866,-2.1763293743133545,9.502586364746094,-1.7298107147216797
1622693258933,-2.3080103397369385,9.702502250671387,-1.4616601467132568
1622693258999,-2.29484224319458,9.832986831665039,-1.6603789329528809
1622693259067,-1.8626888990402222,10.211270332336426,-1.4688427448272705
1622693259136,-1.845929503440857,,
1622693259137,,9.130288124084473,-0.6045359373092651
1622693259203,-1.5957354307174683,9.985017776489258,-1.456871747970581
1622693259267,-1.6711528301239014,10.327388763427734,-1.764526605606079
1622693259334,-1.094150185585022,10.402806282043457,-2.213439464569092
1622693259400,-1.6627731323242188,10.465055465698242,-2.7700912952423096
1622693259467,-1.3012486696243286,10.180145263671875,-2.6671407222747803
1622693259533,0.365115761756897,11.739968299865723,1.294066071510315
1622693259599,1.3611036539077759,,
1622693259600,,10.188525199890137,-2.4157495498657227
1622693259666,0.5434837937355042,9.95748519897461,-1.138442873954773
1622693259733,0.730231523513794,8.687360763549805,-0.8810662031173706
1622693259799,1.4987702369689941,,
1622693259800,,10.267534255981445,0.4034229815006256
1622693259866,1.460463047027588,,
1622693259867,,9.466673851013184,-0.5770025849342346
1622693259933,0.5973533391952515,9.265560150146484,2.1583728790283203
1622693259999,-0.1412578970193863,,
1622693260000,,9.715670585632324,3.361459255218506
1622693260066,-0.1628057211637497,9.780313491821289,3.423708438873291
1622693260133,-0.13168109953403473,9.682151794433594,3.6559460163116455
1622693260199,0.1759738177061081,,
1622693260200,,8.701725959777832,3.332728862762451
1622693260266,0.45010992884635925,8.672995567321777,4.842272758483887
1622693260337,0.17956513166427612,7.353790283203125,5.815515995025635
1622693260400,0.7697358727455139,5.51624059677124,4.7369279861450195
1622693260467,-0.13287819921970367,6.643909931182861,6.6391215324401855
1622693260533,0.30286651849746704,6.84981107711792,7.202955722808838
1622693260599,1.2952631711959839,,
1622693260600,,6.00226354598999,7.274781703948975
1622693260666,-0.013168109580874443,,
1622693260667,,6.221333026885986,7.952341079711914
1622693260733,0.7721300721168518,,
1622693260734,,5.857414245605469,5.6670756340026855
1622693260799,1.158793568611145,5.965153694152832,
1622693260800,,,7.657854080200195
1622693260866,0.9888052940368652,5.784391403198242,
1622693260867,,,8.423998832702637
1622693260932,-0.5817909836769104,,
1622693260933,,5.585672378540039,8.884882926940918
1622693261002,-0.31124621629714966,,
1622693261003,,5.12000036239624,8.938752174377441
1622693261066,0.013168109580874443,5.336675643920898,6.743268966674805
1622693261132,-1.238999366760254,,
1622693261133,,5.050568580627441,7.696161270141602
1622693261201,0.04429273307323456,4.6040496826171875,
1622693261202,,,9.255983352661133
1622693261267,0.4189853072166443,4.685452938079834,9.445125579833984
1622693261332,0.3471592366695404,,
1622693261333,,3.9911341667175293,9.05487060546875
1622693261399,-1.920149803161621,3.845088005065918,9.696516990661621
1622693261466,1.0055646896362305,2.8095955848693848,8.917203903198242
1622693261532,1.0438719987869263,,
1622693261533,,2.6886885166168213,9.284713745117188
1622693261599,-0.08379705995321274,2.4887726306915283,12.339715957641602
1622693261666,1.4951789379119873,2.3989901542663574,7.101202011108398
1622693261733,-0.21308395266532898,,
1622693261734,,3.531447410583496,8.493430137634277
1622693261799,-1.965639591217041,3.708618402481079,10.736797332763672
1622693261866,0.015562310814857483,,
1622693261867,,3.0885202884674072,8.810662269592285
1622693261933,-0.32441434264183044,3.1016883850097656,9.261969566345215
1622693262000,0.10773907601833344,2.9688100814819336,9.139864921569824
1622693262066,0.010773907415568829,3.2393548488616943,9.363722801208496
1622693262133,-0.10055647045373917,3.0538041591644287,9.81024169921875
1622693262199,1.1420341730117798,2.6168625354766846,8.373720169067383
1622693262266,-0.608127236366272,2.832340717315674,10.886435508728027
1622693262332,1.092953085899353,,
1622693262333,,3.47039532661438,6.143521785736084
1622693262399,-0.5315127968788147,3.5482068061828613,11.184513092041016
1622693262466,-0.3555389642715454,4.027047157287598,9.02135181427002
1622693262533,-0.27892449498176575,3.6523547172546387,9.124302864074707
1622693262599,0.21308395266532898,3.6140475273132324,7.4567413330078125
1622693262667,-0.1149216815829277,2.9712042808532715,9.527725219726562
1622693262734,-0.4297592043876648,2.9436709880828857,10.539276123046875
1622693262799,-0.016759412363171577,2.9927520751953125,9.455899238586426
1622693262866,0.4321534037590027,2.851494312286377,8.956708908081055
1622693262933,-0.1149216815829277,3.1028854846954346,9.08838939666748
1622693262999,-0.08499415963888168,3.1316158771514893,9.277531623840332
1622693263066,0.10295066982507706,3.001131772994995,9.071630477905273
1622693263133,0.24660277366638184,3.095702886581421,8.69334602355957
1622693263199,-0.27413609623908997,3.1447839736938477,9.334992408752441
1622693263266,0.03711012750864029,3.203441858291626,9.345766067504883
1622693263333,-0.6739677786827087,3.737348794937134,8.259995460510254
1622693263399,-0.5398924946784973,3.4536359310150146,9.767146110534668
1622693263468,0.42018240690231323,2.8095955848693848,9.05487060546875
1622693263533,-0.5219359993934631,3.226186752319336,9.259574890136719
1622693263599,-0.15083470940589905,3.0992941856384277,8.78193187713623
1622693263666,0.1735796183347702,2.977189779281616,8.565256118774414
1622693263732,-0.15083470940589905,,
1622693263733,,3.002328872680664,8.93037223815918
1622693263799,-0.30286651849746704,3.003525972366333,
1622693263800,,,9.459490776062012
1622693263866,-0.18315643072128296,3.027467966079712,8.992621421813965
1622693263932,-0.21308395266532898,,
1622693263933,,3.0573954582214355,9.107542991638184
1622693264018,-0.2885012924671173,3.072957992553711,9.373299598693848
1622693264019,-0.1496376097202301,3.045424461364746,9.35893440246582
1622693264039,-0.12928688526153564,3.0561983585357666,9.163806915283203
1622693264059,-0.2621650993824005,,
1622693264062,,3.0202853679656982,9.17697525024414
1622693264079,-0.28131869435310364,3.0585925579071045,9.130288124084473
1622693264100,-0.34835633635520935,3.089717388153076,9.127894401550293
1622693264119,-0.42377370595932007,,
1622693264120,,3.064578056335449,9.1446533203125
1622693264139,-0.3447650372982025,3.0825347900390625,8.911218643188477
1622693264159,-0.304063618183136,3.0310592651367188,8.888473510742188
1622693264179,-0.44173020124435425,3.072957992553711,9.275136947631836
1622693264199,-0.5530605912208557,3.0765492916107178,
1622693264200,,,9.513360023498535
1622693264219,-0.568622887134552,3.0837318897247314,9.470264434814453
1622693264239,-0.3196259140968323,3.043030261993408,9.011775016784668
1622693264259,-0.30885201692581177,,
1622693264260,,3.1028854846954346,8.916007041931152
1622693264281,-0.2777273952960968,,
1622693264282,,2.9951462745666504,9.165003776550293
1622693264299,-0.3363853394985199,3.027467966079712,9.346963882446289
1622693264319,-0.24779987335205078,3.004723072052002,9.362525939941406
1622693264339,-0.17238251864910126,3.0154969692230225,9.379284858703613
1622693264359,-0.12330138683319092,2.9676129817962646,9.309853553771973
1622693264379,-0.11133038252592087,3.0119056701660156,9.197325706481934
1622693264399,-0.1173158809542656,2.9269115924835205,9.372102737426758
1622693264441,-0.10893617570400238,2.8802247047424316,
1622693264442,,,9.321824073791504
1622693264491,-0.26096799969673157,,
1622693264492,,2.9305028915405273,9.272743225097656
1622693264622,-0.181959331035614,2.9496564865112305,8.968679428100586
1622693264731,0.0586579404771328,2.8455088138580322,8.92917537689209
1622693264749,-0.008379706181585789,,
1622693264750,,2.874239206314087,9.384073257446289
1622693264760,0.7003039717674255,2.8095955848693848,9.434351921081543
1622693264786,-0.4489128291606903,2.541445016860962,9.388861656188965
1622693265120,0.4034229815006256,,
1622693265121,0.243011474609375,3.3051953315734863,9.107542991638184
1622693265163,-0.0802057534456253,,
1622693265164,0.9002198576927185,2.7018566131591797,9.460687637329102
1622693265181,0.6655880808830261,,
1622693265182,,2.980781078338623,9.222464561462402
1622693265208,0.689530074596405,2.4576480388641357,9.169792175292969
1622693265219,0.2059013396501541,2.80361008644104,
1622693265220,,,9.26915168762207
1622693265239,0.05027823522686958,2.5546131134033203,9.337387084960938
1622693265259,-0.6667851805686951,2.589329242706299,9.41759204864502
1622693265279,0.4213795065879822,2.9245173931121826,9.337387084960938
1622693265299,-0.4537012279033661,2.31758713722229,9.148244857788086
1622693265319,1.2258312702178955,,
1622693265320,,2.9221231937408447,9.282320022583008
1622693265339,-1.5275006294250488,2.8886044025421143,
1622693265359,0.46327802538871765,2.585737943649292,9.17697525024414
1622693265394,-0.8475474119186401,2.6156654357910156,9.081207275390625
1622693265412,0.8607155084609985,,
1622693265413,,2.5294740200042725,9.222464561462402
1622693265436,-0.25258827209472656,2.7664999961853027,9.263166427612305
1622693265440,0.10773907601833344,2.6384103298187256,9.330204010009766
1622693265462,0.4908113479614258,2.651578426361084,9.367314338684082
1622693265487,-0.3974374830722809,2.584540843963623,9.277531623840332
1622693265508,-0.5363011956214905,2.78086519241333,9.101557731628418
1622693265529,-0.4106055796146393,,
1622693265530,,2.6850972175598145,9.08719253540039
1622693265547,-0.1496376097202301,,
1622693265548,,2.6013002395629883,9.305065155029297
1622693265568,-0.017956512048840523,2.7257986068725586,9.677363395690918
1622693265588,-0.10893617570400238,2.6240451335906982,9.066842079162598
1622693265608,-0.04189852997660637,2.8107926845550537,8.941145896911621
1622693265626,-0.08619125932455063,2.6886885166168213,9.17697525024414
1622693265644,-0.05746084079146385,2.75812029838562,9.396044731140137
1622693265667,0.0011971008498221636,,
1622693265668,,2.676717519760132,9.331400871276855
1622693265688,-0.10534487664699554,2.7449522018432617,9.48462963104248
1622693265708,-0.038307227194309235,2.6587610244750977,
1622693265709,,,9.336189270019531
1622693265727,-0.04668693244457245,2.699462413787842,9.226056098937988
1622693265745,-0.11372458189725876,2.7269957065582275,9.285911560058594
1622693265767,-0.07541735470294952,2.713827610015869,9.301473617553711
1622693265788,-0.05506663769483566,2.6886885166168213,9.301473617553711
1622693265810,-0.14604631066322327,2.7269957065582275,9.332598686218262
1622693265828,-0.1412578970193863,2.7281928062438965,9.283516883850098
1622693265845,-0.08140286058187485,2.6839001178741455,9.081207275390625
1622693265865,-0.033518824726343155,2.7257986068725586,9.17817211151123
1622693265884,-0.06703764945268631,2.737769603729248,9.38048267364502
1622693265902,-0.13287819921970367,2.697068214416504,
1622693265903,,,9.23682975769043
1622693265923,-0.06823474913835526,2.7329812049865723,9.05247688293457
1622693265946,-0.06823474913835526,2.717418909072876,9.033323287963867
1622693265964,-0.14604631066322327,2.7952303886413574,9.044096946716309
1622693265989,-0.06344634294509888,2.7293899059295654,9.230844497680664
1622693266007,-0.1173158809542656,2.6839001178741455,9.554061889648438
1622693266028,-0.1628057211637497,2.675520420074463,9.477447509765625
1622693266045,-0.090979665517807,2.7018566131591797,
1622693266046,,,9.279925346374512
1622693266064,-0.1496376097202301,2.7521347999572754,9.188945770263672
1622693266082,-0.14844051003456116,2.760514497756958,9.149441719055176
1622693266100,-0.13048399984836578,2.7449522018432617,9.253589630126953
1622693266121,-0.18914192914962769,2.7473464012145996,9.29069995880127
1622693266139,-0.09816227108240128,2.7700912952423096,9.230844497680664
1622693266176,-0.08738835901021957,2.7928361892700195,
1622693266177,,,9.050082206726074
1622693266193,-0.02992752194404602,2.785653591156006,9.008183479309082
1622693266212,-0.12689268589019775,,
1622693266213,,2.831143617630005,9.137471199035645
1622693266237,-0.09457096457481384,2.7473464012145996,9.321824073791504
1622693266254,-0.11372458189725876,2.721010208129883,9.39365005493164
1622693266271,-0.11611878126859665,2.73537540435791,9.378087997436523
1622693266289,-0.06464344263076782,2.740163803100586,9.216479301452637
1622693266305,-0.08978256583213806,2.7664999961853027,9.159018516540527
1622693266321,-0.09217676520347595,2.7437551021575928,9.154230117797852
1622693266354,-0.033518824726343155,2.756923198699951,9.131484985351562
1622693266372,-0.10654197633266449,2.7485435009002686,9.147047996520996
1622693266389,-0.11611878126859665,2.761711597442627,9.287108421325684
1622693266408,-0.031124621629714966,2.718616008758545,9.226056098937988
1622693266424,-0.05746084079146385,2.715024709701538,9.127894401550293
1622693266440,-0.05506663769483566,,
1622693266441,,2.7305870056152344,9.228450775146484
1622693266459,-0.04429273307323456,,
1622693266460,,2.7305870056152344,9.14585018157959
1622693266480,-0.002394201699644327,,
1622693266481,,2.738966703414917,9.169792175292969
1622693266512,-0.011971008032560349,2.7066450119018555,9.208099365234375
1622693266529,-0.010773907415568829,2.7030537128448486,
1622693266530,,,9.30386734008789
1622693266546,-0.07062894850969315,2.716221809387207,9.361329078674316
1622693266563,-0.10055647045373917,2.801215887069702,9.131484985351562
1622693266580,-0.08140286058187485,2.806004285812378,9.036913871765137
1622693266613,-0.09576806426048279,2.82515811920166,9.074024200439453
1622693266629,-0.0802057534456253,2.7964274883270264,9.263166427612305
1622693266644,-0.1364694982767105,2.764105796813965,9.496601104736328
1622693266661,-0.13287819921970367,2.760514497756958,9.41759204864502
1622693266680,-0.06584054976701736,,
1622693266681,,2.741360902786255,9.309853553771973
1622693266714,-0.090979665517807,2.7940332889556885,9.101557731628418
1622693266730,0.023942016065120697,2.7246015071868896,9.2033109664917
1622693266744,-0.12689268589019775,2.7533318996429443,9.224859237670898
1622693266761,-0.11252748221158981,2.734178304672241,9.238027572631836
1622693266793,-0.15083470940589905,2.741360902786255,
1622693266794,,,9.132682800292969
1622693266810,-0.20350714027881622,2.7545289993286133,9.058462142944336
1622693266827,-0.1604115068912506,2.7329812049865723,8.949525833129883
1622693266844,-0.333991140127182,2.7305870056152344,9.126696586608887
1622693266861,-0.27413609623908997,2.699462413787842,9.296685218811035
1622693266893,-0.21188685297966003,2.6563668251037598,9.26675796508789
1622693266909,-0.22266076505184174,,
1622693266910,,2.6827030181884766,9.348160743713379
1622693266926,-0.3447650372982025,,
1622693266927,,2.737769603729248,9.321824073791504
1622693266944,-0.3064578175544739,2.7018566131591797,9.405621528625488
1622693266960,-0.27413609623908997,2.655169725418091,9.249998092651367
1622693266979,-0.26575639843940735,2.699462413787842,9.1662015914917
1622693267013,-0.19033902883529663,2.7006595134735107,9.160215377807617
1622693267031,-0.2513911724090576,2.721010208129883,9.2033109664917
1622693267054,-0.25977087020874023,2.7246015071868896,9.32302188873291
1622693267070,-0.33279404044151306,2.736572504043579,9.32541561126709
1622693267084,-0.25977087020874023,2.6563668251037598,
1622693267085,,,9.3026704788208
1622693267112,-0.3447650372982025,2.6791117191314697,9.230844497680664
1622693267126,-0.3256114423274994,2.670732021331787,9.277531623840332
1622693267145,-0.35673606395721436,,
1622693267146,,2.650381326675415,9.366117477416992
1622693267165,-0.3196259140968323,2.6803088188171387,9.29189682006836
1622693267189,-0.32202014327049255,,
1622693267190,,2.670732021331787,9.172186851501465
1622693267207,-0.20231004059314728,2.6204538345336914,9.259574890136719
1622693267223,-0.36990416049957275,2.6396074295043945,
1622693267224,,,9.340977668762207
1622693267254,-0.31842881441116333,2.589329242706299,9.402029991149902
1622693267273,-0.38905778527259827,2.670732021331787,9.370905876159668
1622693267287,-0.29209262132644653,2.6408045291900635,9.230844497680664
1622693267304,-0.22625206410884857,2.562992811203003,9.048885345458984
1622693267345,-0.5937620401382446,2.6348190307617188,9.155426979064941
1622693267373,-0.363918662071228,2.6372132301330566,9.21288776397705
1622693267397,-0.20231004059314728,2.517503023147583,9.133879661560059
1622693267419,-0.2885012924671173,2.582146644592285,9.232041358947754
