Timestamp,X,Y,Z
16-Oct-2021 21:26:12.464,0.038307,-0.113725,9.728839
16-Oct-2021 21:26:12.473,0.07422,-0.154426,9.549273
16-Oct-2021 21:26:12.483,0.038307,-0.125696,9.715671
16-Oct-2021 21:26:12.493,0.061052,-0.11133,9.586384
16-Oct-2021 21:26:12.502,0.049081,-0.131681,9.645041
16-Oct-2021 21:26:12.512,0.050278,-0.110133,9.64145
16-Oct-2021 21:26:12.522,0.055067,-0.153229,9.616311
16-Oct-2021 21:26:12.531,0.05387,-0.114922,9.631873
16-Oct-2021 21:26:12.541,0.044293,-0.134075,9.64145
16-Oct-2021 21:26:12.550,0.043096,-0.138864,9.629479
16-Oct-2021 21:26:12.559,0.057461,-0.138864,9.64145
16-Oct-2021 21:26:12.569,0.05387,-0.129287,9.634268
16-Oct-2021 21:26:12.578,0.040701,-0.152032,9.645041
16-Oct-2021 21:26:12.588,0.055067,-0.132878,9.642648
16-Oct-2021 21:26:12.597,0.056264,-0.126893,9.629479
16-Oct-2021 21:26:12.606,0.040701,-0.129287,9.634268
16-Oct-2021 21:26:12.615,0.061052,-0.125696,9.64983
16-Oct-2021 21:26:12.625,0.058658,-0.137667,9.639056
16-Oct-2021 21:26:12.635,0.041899,-0.137667,9.630676
16-Oct-2021 21:26:12.644,0.041899,-0.142455,9.639056
16-Oct-2021 21:26:12.653,0.033519,-0.149638,9.635465
16-Oct-2021 21:26:12.663,0.055067,-0.130484,9.630676
16-Oct-2021 21:26:12.673,0.05387,-0.135272,9.646238
16-Oct-2021 21:26:12.681,0.057461,-0.146046,9.629479
16-Oct-2021 21:26:12.691,0.041899,-0.105345,9.639056
16-Oct-2021 21:26:12.701,0.044293,-0.114922,9.633071
16-Oct-2021 21:26:12.710,0.049081,-0.113725,9.635465
16-Oct-2021 21:26:12.719,0.063446,-0.126893,9.630676
16-Oct-2021 21:26:12.730,0.041899,-0.112527,9.640253
16-Oct-2021 21:26:12.740,0.041899,-0.112527,9.64145
16-Oct-2021 21:26:12.749,0.047884,-0.140061,9.645041
16-Oct-2021 21:26:12.758,0.058658,-0.106542,9.635465
16-Oct-2021 21:26:12.767,0.056264,-0.140061,9.639056
16-Oct-2021 21:26:12.777,0.035913,-0.147243,9.668983
16-Oct-2021 21:26:12.786,0.055067,-0.159214,9.601946
16-Oct-2021 21:26:12.796,0.052672,-0.177171,9.659407
16-Oct-2021 21:26:12.806,0.050278,-0.129287,9.619903
16-Oct-2021 21:26:12.816,0.058658,-0.152032,9.623494
16-Oct-2021 21:26:12.825,0.05387,-0.125696,9.645041
16-Oct-2021 21:26:12.835,0.047884,-0.149638,9.634268
16-Oct-2021 21:26:12.844,0.052672,-0.120907,9.661801
16-Oct-2021 21:26:12.854,0.052672,-0.094571,9.625888
16-Oct-2021 21:26:12.863,0.049081,-0.146046,9.661801
16-Oct-2021 21:26:12.872,0.059855,-0.122104,9.634268
16-Oct-2021 21:26:12.882,0.051475,-0.148441,9.642648
16-Oct-2021 21:26:12.891,0.04549,-0.134075,9.65821
16-Oct-2021 21:26:12.901,0.050278,-0.113725,9.606734
16-Oct-2021 21:26:12.911,0.05387,-0.141258,9.657013
16-Oct-2021 21:26:12.921,0.051475,-0.155623,9.64145
16-Oct-2021 21:26:12.930,0.049081,-0.149638,9.623494
16-Oct-2021 21:26:12.939,0.043096,-0.116119,9.636662
16-Oct-2021 21:26:12.949,0.043096,-0.195127,9.648633
16-Oct-2021 21:26:12.958,0.064643,-0.141258,9.619903
16-Oct-2021 21:26:12.968,0.041899,-0.142455,9.639056
16-Oct-2021 21:26:12.978,0.046687,-0.143652,9.64145
16-Oct-2021 21:26:12.988,0.051475,-0.135272,9.648633
16-Oct-2021 21:26:12.997,0.050278,-0.137667,9.637859
16-Oct-2021 21:26:13.007,0.064643,-0.142455,9.637859
16-Oct-2021 21:26:13.017,0.047884,-0.142455,9.635465
16-Oct-2021 21:26:13.026,0.057461,-0.137667,9.637859
16-Oct-2021 21:26:13.035,0.046687,-0.148441,9.643845
16-Oct-2021 21:26:13.044,0.050278,-0.144849,9.633071
16-Oct-2021 21:26:13.054,0.047884,-0.153229,9.661801
16-Oct-2021 21:26:13.063,0.051475,-0.153229,9.628283
16-Oct-2021 21:26:13.073,0.055067,-0.129287,9.640253
16-Oct-2021 21:26:13.083,0.062249,-0.155623,9.619903
16-Oct-2021 21:26:13.092,0.05387,-0.142455,9.636662
16-Oct-2021 21:26:13.101,0.047884,-0.137667,9.64145
16-Oct-2021 21:26:13.109,0.051475,-0.148441,9.639056
16-Oct-2021 21:26:13.120,0.035913,-0.154426,9.646238
16-Oct-2021 21:26:13.129,0.068235,-0.118513,9.624691
16-Oct-2021 21:26:13.139,0.019154,-0.17358,9.667787
16-Oct-2021 21:26:13.148,0.07422,-0.149638,9.613917
16-Oct-2021 21:26:13.158,0.049081,-0.148441,9.668983
16-Oct-2021 21:26:13.168,0.058658,-0.143652,9.624691
16-Oct-2021 21:26:13.177,0.050278,-0.146046,9.657013
16-Oct-2021 21:26:13.186,0.050278,-0.155623,9.636662
16-Oct-2021 21:26:13.196,0.047884,-0.149638,9.630676
16-Oct-2021 21:26:13.205,0.044293,-0.137667,9.643845
16-Oct-2021 21:26:13.215,0.055067,-0.147243,9.636662
16-Oct-2021 21:26:13.225,0.055067,-0.154426,9.652225
16-Oct-2021 21:26:13.235,0.052672,-0.146046,9.647436
16-Oct-2021 21:26:13.244,0.043096,-0.150835,9.655815
16-Oct-2021 21:26:13.254,0.047884,-0.144849,9.631873
16-Oct-2021 21:26:13.264,0.061052,-0.148441,9.639056
16-Oct-2021 21:26:13.273,0.056264,-0.152032,9.646238
16-Oct-2021 21:26:13.282,0.050278,-0.132878,9.643845
16-Oct-2021 21:26:13.292,0.05387,-0.149638,9.645041
16-Oct-2021 21:26:13.302,0.050278,-0.152032,9.635465
16-Oct-2021 21:26:13.311,0.047884,-0.137667,9.648633
16-Oct-2021 21:26:13.321,0.043096,-0.149638,9.643845
16-Oct-2021 21:26:13.330,0.040701,-0.148441,9.636662
16-Oct-2021 21:26:13.339,0.051475,-0.150835,9.631873
16-Oct-2021 21:26:13.348,0.047884,-0.153229,9.637859
16-Oct-2021 21:26:13.357,0.050278,-0.144849,9.653421
16-Oct-2021 21:26:13.366,0.052672,-0.138864,9.647436
16-Oct-2021 21:26:13.376,0.049081,-0.148441,9.64145
16-Oct-2021 21:26:13.385,0.05387,-0.140061,9.64983
16-Oct-2021 21:26:13.394,0.050278,-0.15682,9.636662
16-Oct-2021 21:26:13.404,0.049081,-0.143652,9.645041
16-Oct-2021 21:26:13.413,0.05387,-0.148441,9.642648
16-Oct-2021 21:26:13.422,0.050278,-0.147243,9.661801
16-Oct-2021 21:26:13.432,0.046687,-0.143652,9.631873
16-Oct-2021 21:26:13.442,0.052672,-0.161609,9.642648
16-Oct-2021 21:26:13.452,0.050278,-0.152032,9.631873
16-Oct-2021 21:26:13.462,0.051475,-0.149638,9.64983
16-Oct-2021 21:26:13.471,0.047884,-0.138864,9.653421
16-Oct-2021 21:26:13.480,0.05387,-0.154426,9.652225
16-Oct-2021 21:26:13.491,0.051475,-0.149638,9.648633
16-Oct-2021 21:26:13.499,0.044293,-0.144849,9.645041
16-Oct-2021 21:26:13.508,0.047884,-0.140061,9.640253
16-Oct-2021 21:26:13.518,0.052672,-0.142455,9.643845
16-Oct-2021 21:26:13.527,0.047884,-0.140061,9.635465
16-Oct-2021 21:26:13.536,0.052672,-0.153229,9.643845
16-Oct-2021 21:26:13.545,0.062249,-0.149638,9.651027
16-Oct-2021 21:26:13.555,0.049081,-0.138864,9.643845
16-Oct-2021 21:26:13.565,0.056264,-0.141258,9.642648
16-Oct-2021 21:26:13.574,0.047884,-0.15682,9.630676
16-Oct-2021 21:26:13.583,0.052672,-0.158017,9.64145
16-Oct-2021 21:26:13.592,0.04549,-0.150835,9.645041
16-Oct-2021 21:26:13.602,0.05387,-0.154426,9.659407
16-Oct-2021 21:26:13.611,0.065841,-0.135272,9.651027
16-Oct-2021 21:26:13.620,0.058658,-0.141258,9.640253
16-Oct-2021 21:26:13.630,0.050278,-0.158017,9.646238
16-Oct-2021 21:26:13.639,0.040701,-0.158017,9.645041
16-Oct-2021 21:26:13.649,0.062249,-0.144849,9.633071
16-Oct-2021 21:26:13.658,0.05387,-0.142455,9.655815
16-Oct-2021 21:26:13.668,0.055067,-0.152032,9.639056
16-Oct-2021 21:26:13.678,0.051475,-0.154426,9.643845
16-Oct-2021 21:26:13.688,0.051475,-0.154426,9.640253
16-Oct-2021 21:26:13.697,0.047884,-0.152032,9.640253
16-Oct-2021 21:26:13.706,0.058658,-0.154426,9.645041
16-Oct-2021 21:26:13.715,0.051475,-0.143652,9.657013
16-Oct-2021 21:26:13.725,0.055067,-0.141258,9.636662
16-Oct-2021 21:26:13.734,0.057461,-0.143652,9.635465
16-Oct-2021 21:26:13.744,0.047884,-0.148441,9.642648
16-Oct-2021 21:26:13.754,0.049081,-0.144849,9.645041
16-Oct-2021 21:26:13.764,0.047884,-0.137667,9.657013
16-Oct-2021 21:26:13.773,0.05387,-0.148441,9.645041
16-Oct-2021 21:26:13.783,0.041899,-0.141258,9.639056
16-Oct-2021 21:26:13.792,0.044293,-0.146046,9.643845
16-Oct-2021 21:26:13.801,0.05387,-0.149638,9.648633
16-Oct-2021 21:26:13.810,0.058658,-0.153229,9.655815
16-Oct-2021 21:26:13.820,0.056264,-0.144849,9.642648
16-Oct-2021 21:26:13.829,0.056264,-0.150835,9.659407
16-Oct-2021 21:26:13.839,0.043096,-0.158017,9.645041
16-Oct-2021 21:26:13.849,0.05387,-0.152032,9.645041
16-Oct-2021 21:26:13.858,0.058658,-0.144849,9.657013
16-Oct-2021 21:26:13.867,0.05387,-0.148441,9.65821
16-Oct-2021 21:26:13.877,0.057461,-0.142455,9.64983
16-Oct-2021 21:26:13.887,0.05387,-0.154426,9.628283
16-Oct-2021 21:26:13.896,0.055067,-0.153229,9.646238
16-Oct-2021 21:26:13.905,0.052672,-0.150835,9.647436
16-Oct-2021 21:26:13.915,0.056264,-0.154426,9.646238
16-Oct-2021 21:26:13.924,0.049081,-0.143652,9.651027
16-Oct-2021 21:26:13.934,0.059855,-0.148441,9.64145
16-Oct-2021 21:26:13.943,0.052672,-0.150835,9.647436
16-Oct-2021 21:26:13.953,0.057461,-0.150835,9.635465
16-Oct-2021 21:26:13.962,0.05387,-0.144849,9.660604
16-Oct-2021 21:26:13.972,0.05387,-0.148441,9.648633
16-Oct-2021 21:26:13.981,0.055067,-0.144849,9.664195
16-Oct-2021 21:26:13.990,0.061052,-0.149638,9.645041
16-Oct-2021 21:26:14.000,0.050278,-0.154426,9.643845
16-Oct-2021 21:26:14.009,0.052672,-0.155623,9.653421
16-Oct-2021 21:26:14.018,0.04549,-0.147243,9.64145
16-Oct-2021 21:26:14.028,0.051475,-0.143652,9.637859
16-Oct-2021 21:26:14.038,0.05387,-0.147243,9.651027
16-Oct-2021 21:26:14.047,0.049081,-0.154426,9.646238
16-Oct-2021 21:26:14.056,0.051475,-0.149638,9.64145
16-Oct-2021 21:26:14.066,0.055067,-0.147243,9.652225
16-Oct-2021 21:26:14.075,0.057461,-0.146046,9.65821
16-Oct-2021 21:26:14.085,0.04549,-0.142455,9.654618
16-Oct-2021 21:26:14.094,0.056264,-0.15682,9.643845
16-Oct-2021 21:26:14.104,0.056264,-0.12809,9.625888
16-Oct-2021 21:26:14.114,0.056264,-0.154426,9.64983
16-Oct-2021 21:26:14.123,0.052672,-0.148441,9.654618
16-Oct-2021 21:26:14.133,0.04549,-0.140061,9.64145
16-Oct-2021 21:26:14.143,0.062249,-0.152032,9.648633
16-Oct-2021 21:26:14.152,0.050278,-0.143652,9.667787
16-Oct-2021 21:26:14.161,0.040701,-0.150835,9.661801
16-Oct-2021 21:26:14.171,0.043096,-0.138864,9.67018
16-Oct-2021 21:26:14.181,0.055067,-0.146046,9.631873
16-Oct-2021 21:26:14.190,0.057461,-0.147243,9.647436
16-Oct-2021 21:26:14.199,0.047884,-0.154426,9.668983
16-Oct-2021 21:26:14.208,0.044293,-0.143652,9.664195
16-Oct-2021 21:26:14.218,0.05387,-0.144849,9.654618
16-Oct-2021 21:26:14.227,0.062249,-0.142455,9.64145
16-Oct-2021 21:26:14.236,0.047884,-0.144849,9.652225
16-Oct-2021 21:26:14.245,0.046687,-0.150835,9.633071
16-Oct-2021 21:26:14.255,0.050278,-0.15682,9.65821
16-Oct-2021 21:26:14.265,0.063446,-0.144849,9.661801
16-Oct-2021 21:26:14.274,0.061052,-0.15682,9.65821
16-Oct-2021 21:26:14.283,0.051475,-0.142455,9.643845
16-Oct-2021 21:26:14.293,0.049081,-0.143652,9.64145
16-Oct-2021 21:26:14.302,0.052672,-0.146046,9.657013
16-Oct-2021 21:26:14.312,0.063446,-0.15682,9.660604
16-Oct-2021 21:26:14.321,0.058658,-0.146046,9.643845
16-Oct-2021 21:26:14.331,0.058658,-0.147243,9.639056
16-Oct-2021 21:26:14.341,0.043096,-0.146046,9.648633
16-Oct-2021 21:26:14.350,0.056264,-0.144849,9.648633
16-Oct-2021 21:26:14.360,0.049081,-0.152032,9.640253
16-Oct-2021 21:26:14.369,0.047884,-0.159214,9.653421
16-Oct-2021 21:26:14.378,0.043096,-0.149638,9.655815
16-Oct-2021 21:26:14.388,0.058658,-0.149638,9.645041
16-Oct-2021 21:26:14.398,0.057461,-0.150835,9.643845
16-Oct-2021 21:26:14.407,0.05387,-0.148441,9.653421
16-Oct-2021 21:26:14.416,0.058658,-0.140061,9.652225
16-Oct-2021 21:26:14.426,0.055067,-0.152032,9.647436
16-Oct-2021 21:26:14.436,0.050278,-0.149638,9.653421
16-Oct-2021 21:26:14.445,0.050278,-0.150835,9.648633
16-Oct-2021 21:26:14.454,0.04549,-0.143652,9.646238
16-Oct-2021 21:26:14.465,0.047884,-0.148441,9.665392
16-Oct-2021 21:26:14.473,0.069432,-0.148441,9.654618
16-Oct-2021 21:26:14.482,0.059855,-0.164003,9.635465
16-Oct-2021 21:26:14.492,0.044293,-0.147243,9.631873
16-Oct-2021 21:26:14.502,0.043096,-0.144849,9.640253
16-Oct-2021 21:26:14.512,0.050278,-0.140061,9.673772
16-Oct-2021 21:26:14.522,0.062249,-0.153229,9.653421
16-Oct-2021 21:26:14.531,0.052672,-0.150835,9.646238
16-Oct-2021 21:26:14.541,0.044293,-0.149638,9.639056
16-Oct-2021 21:26:14.550,0.050278,-0.150835,9.648633
16-Oct-2021 21:26:14.560,0.064643,-0.152032,9.646238
16-Oct-2021 21:26:14.569,0.065841,-0.15682,9.653421
16-Oct-2021 21:26:14.579,0.052672,-0.150835,9.661801
16-Oct-2021 21:26:14.588,0.05387,-0.144849,9.655815
16-Oct-2021 21:26:14.598,0.046687,-0.150835,9.654618
16-Oct-2021 21:26:14.607,0.067038,-0.148441,9.66659
16-Oct-2021 21:26:14.616,0.062249,-0.141258,9.652225
16-Oct-2021 21:26:14.625,0.05387,-0.143652,9.657013
16-Oct-2021 21:26:14.635,0.046687,-0.148441,9.646238
16-Oct-2021 21:26:14.644,0.050278,-0.148441,9.655815
16-Oct-2021 21:26:14.654,0.062249,-0.154426,9.648633
16-Oct-2021 21:26:14.664,0.052672,-0.154426,9.657013
16-Oct-2021 21:26:14.673,0.049081,-0.141258,9.657013
16-Oct-2021 21:26:14.683,0.039504,-0.131681,9.653421
16-Oct-2021 21:26:14.692,0.05387,-0.152032,9.645041
16-Oct-2021 21:26:14.702,0.047884,-0.148441,9.655815
16-Oct-2021 21:26:14.712,0.05387,-0.150835,9.648633
16-Oct-2021 21:26:14.721,0.046687,-0.143652,9.64983
16-Oct-2021 21:26:14.731,0.047884,-0.150835,9.653421
16-Oct-2021 21:26:14.741,0.050278,-0.15682,9.659407
16-Oct-2021 21:26:14.750,0.056264,-0.143652,9.661801
16-Oct-2021 21:26:14.760,0.046687,-0.144849,9.652225
16-Oct-2021 21:26:14.770,0.05387,-0.147243,9.639056
16-Oct-2021 21:26:14.779,0.057461,-0.149638,9.637859
16-Oct-2021 21:26:14.789,0.050278,-0.152032,9.651027
16-Oct-2021 21:26:14.798,0.055067,-0.141258,9.668983
16-Oct-2021 21:26:14.808,0.063446,-0.137667,9.662998
16-Oct-2021 21:26:14.818,0.051475,-0.152032,9.648633
16-Oct-2021 21:26:14.827,0.049081,-0.142455,9.645041
16-Oct-2021 21:26:14.836,0.055067,-0.148441,9.645041
16-Oct-2021 21:26:14.846,0.052672,-0.147243,9.654618
16-Oct-2021 21:26:14.855,0.057461,-0.154426,9.651027
16-Oct-2021 21:26:14.865,0.050278,-0.158017,9.65821
16-Oct-2021 21:26:14.874,0.051475,-0.146046,9.657013
16-Oct-2021 21:26:14.884,0.05387,-0.147243,9.671378
16-Oct-2021 21:26:14.893,0.050278,-0.149638,9.651027
16-Oct-2021 21:26:14.902,0.056264,-0.153229,9.652225
16-Oct-2021 21:26:14.912,0.055067,-0.153229,9.648633
16-Oct-2021 21:26:14.921,0.052672,-0.149638,9.648633
16-Oct-2021 21:26:14.930,0.040701,-0.146046,9.637859
16-Oct-2021 21:26:14.939,0.059855,-0.154426,9.668983
16-Oct-2021 21:26:14.949,0.062249,-0.144849,9.66659
16-Oct-2021 21:26:14.959,0.057461,-0.147243,9.659407
16-Oct-2021 21:26:14.969,0.056264,-0.142455,9.645041
16-Oct-2021 21:26:14.978,0.055067,-0.161609,9.636662
16-Oct-2021 21:26:14.988,0.056264,-0.147243,9.662998
16-Oct-2021 21:26:14.998,0.052672,-0.138864,9.667787
16-Oct-2021 21:26:15.008,0.05387,-0.148441,9.65821
16-Oct-2021 21:26:15.017,0.055067,-0.155623,9.65821
16-Oct-2021 21:26:15.027,0.050278,-0.146046,9.660604
16-Oct-2021 21:26:15.037,0.056264,-0.143652,9.654618
16-Oct-2021 21:26:15.046,0.067038,-0.146046,9.659407
16-Oct-2021 21:26:15.056,0.051475,-0.143652,9.653421
16-Oct-2021 21:26:15.065,0.04549,-0.144849,9.646238
16-Oct-2021 21:26:15.075,0.046687,-0.158017,9.65821
16-Oct-2021 21:26:15.084,0.055067,-0.153229,9.662998
16-Oct-2021 21:26:15.094,0.056264,-0.149638,9.662998
16-Oct-2021 21:26:15.103,0.056264,-0.149638,9.64983
16-Oct-2021 21:26:15.113,0.049081,-0.144849,9.657013
16-Oct-2021 21:26:15.122,0.044293,-0.147243,9.648633
16-Oct-2021 21:26:15.131,0.05387,-0.149638,9.640253
16-Oct-2021 21:26:15.141,0.050278,-0.153229,9.664195
16-Oct-2021 21:26:15.151,0.056264,-0.132878,9.639056
16-Oct-2021 21:26:15.160,0.068235,-0.168791,9.657013
16-Oct-2021 21:26:15.170,0.051475,-0.1652,9.674969
16-Oct-2021 21:26:15.180,0.052672,-0.134075,9.674969
16-Oct-2021 21:26:15.190,0.059855,-0.150835,9.646238
16-Oct-2021 21:26:15.199,0.055067,-0.150835,9.639056
16-Oct-2021 21:26:15.209,0.050278,-0.160412,9.643845
16-Oct-2021 21:26:15.218,0.055067,-0.143652,9.665392
16-Oct-2021 21:26:15.228,0.043096,-0.149638,9.662998
16-Oct-2021 21:26:15.237,0.052672,-0.153229,9.652225
16-Oct-2021 21:26:15.246,0.062249,-0.159214,9.667787
16-Oct-2021 21:26:15.255,0.051475,-0.132878,9.648633
16-Oct-2021 21:26:15.265,0.052672,-0.140061,9.634268
16-Oct-2021 21:26:15.275,0.044293,-0.154426,9.655815
16-Oct-2021 21:26:15.284,0.056264,-0.142455,9.664195
16-Oct-2021 21:26:15.293,0.05387,-0.136469,9.665392
16-Oct-2021 21:26:15.303,0.055067,-0.148441,9.64983
16-Oct-2021 21:26:15.312,0.047884,-0.143652,9.64983
16-Oct-2021 21:26:15.321,0.049081,-0.144849,9.65821
16-Oct-2021 21:26:15.331,0.062249,-0.155623,9.660604
16-Oct-2021 21:26:15.341,0.062249,-0.146046,9.654618
16-Oct-2021 21:26:15.349,0.044293,-0.15682,9.653421
16-Oct-2021 21:26:15.359,0.049081,-0.144849,9.668983
16-Oct-2021 21:26:15.369,0.057461,-0.150835,9.636662
16-Oct-2021 21:26:15.379,0.050278,-0.148441,9.65821
16-Oct-2021 21:26:15.387,0.055067,-0.154426,9.65821
16-Oct-2021 21:26:15.398,0.046687,-0.150835,9.662998
16-Oct-2021 21:26:15.407,0.05387,-0.150835,9.66659
16-Oct-2021 21:26:15.417,0.055067,-0.146046,9.646238
16-Oct-2021 21:26:15.427,0.058658,-0.144849,9.64145
16-Oct-2021 21:26:15.436,0.043096,-0.150835,9.64145
16-Oct-2021 21:26:15.446,0.052672,-0.152032,9.64983
16-Oct-2021 21:26:15.455,0.062249,-0.146046,9.657013
16-Oct-2021 21:26:15.464,0.061052,-0.150835,9.677363
16-Oct-2021 21:26:15.474,0.058658,-0.152032,9.664195
16-Oct-2021 21:26:15.483,0.041899,-0.150835,9.648633
16-Oct-2021 21:26:15.492,0.056264,-0.152032,9.64145
16-Oct-2021 21:26:15.502,0.051475,-0.147243,9.634268
16-Oct-2021 21:26:15.512,0.051475,-0.138864,9.660604
16-Oct-2021 21:26:15.521,0.052672,-0.144849,9.65821
16-Oct-2021 21:26:15.530,0.058658,-0.158017,9.668983
16-Oct-2021 21:26:15.539,0.057461,-0.154426,9.647436
16-Oct-2021 21:26:15.549,0.056264,-0.149638,9.643845
16-Oct-2021 21:26:15.558,0.04549,-0.142455,9.653421
16-Oct-2021 21:26:15.568,0.057461,-0.147243,9.651027
16-Oct-2021 21:26:15.577,0.05387,-0.154426,9.654618
16-Oct-2021 21:26:15.586,0.061052,-0.153229,9.65821
16-Oct-2021 21:26:15.596,0.058658,-0.143652,9.647436
16-Oct-2021 21:26:15.605,0.050278,-0.15682,9.652225
16-Oct-2021 21:26:15.615,0.051475,-0.144849,9.668983
16-Oct-2021 21:26:15.624,0.064643,-0.149638,9.664195
16-Oct-2021 21:26:15.633,0.057461,-0.147243,9.657013
16-Oct-2021 21:26:15.642,0.057461,-0.150835,9.64145
16-Oct-2021 21:26:15.652,0.052672,-0.152032,9.653421
16-Oct-2021 21:26:15.661,0.05387,-0.148441,9.65821
16-Oct-2021 21:26:15.670,0.056264,-0.153229,9.643845
16-Oct-2021 21:26:15.680,0.05387,-0.146046,9.64145
16-Oct-2021 21:26:15.689,0.058658,-0.148441,9.661801
16-Oct-2021 21:26:15.699,0.058658,-0.148441,9.661801
16-Oct-2021 21:26:15.709,0.049081,-0.141258,9.652225
16-Oct-2021 21:26:15.719,0.057461,-0.147243,9.647436
16-Oct-2021 21:26:15.728,0.056264,-0.152032,9.645041
16-Oct-2021 21:26:15.738,0.056264,-0.150835,9.660604
16-Oct-2021 21:26:15.747,0.049081,-0.150835,9.65821
16-Oct-2021 21:26:15.757,0.056264,-0.15682,9.661801
16-Oct-2021 21:26:15.766,0.043096,-0.152032,9.662998
16-Oct-2021 21:26:15.776,0.052672,-0.152032,9.651027
16-Oct-2021 21:26:15.785,0.05387,-0.146046,9.654618
16-Oct-2021 21:26:15.795,0.061052,-0.142455,9.655815
16-Oct-2021 21:26:15.804,0.055067,-0.147243,9.652225
16-Oct-2021 21:26:15.813,0.049081,-0.149638,9.665392
16-Oct-2021 21:26:15.823,0.051475,-0.150835,9.664195
16-Oct-2021 21:26:15.832,0.046687,-0.144849,9.660604
16-Oct-2021 21:26:15.841,0.058658,-0.154426,9.660604
16-Oct-2021 21:26:15.851,0.051475,-0.147243,9.645041
16-Oct-2021 21:26:15.861,0.050278,-0.149638,9.64983
16-Oct-2021 21:26:15.871,0.046687,-0.149638,9.664195
16-Oct-2021 21:26:15.880,0.052672,-0.153229,9.652225
16-Oct-2021 21:26:15.890,0.04549,-0.152032,9.659407
16-Oct-2021 21:26:15.900,0.046687,-0.144849,9.662998
16-Oct-2021 21:26:15.908,0.056264,-0.149638,9.66659
16-Oct-2021 21:26:15.917,0.056264,-0.153229,9.65821
16-Oct-2021 21:26:15.927,0.050278,-0.142455,9.661801
16-Oct-2021 21:26:15.936,0.056264,-0.142455,9.660604
16-Oct-2021 21:26:15.946,0.056264,-0.149638,9.664195
16-Oct-2021 21:26:15.955,0.057461,-0.150835,9.655815
16-Oct-2021 21:26:15.965,0.059855,-0.144849,9.657013
16-Oct-2021 21:26:15.974,0.061052,-0.144849,9.652225
16-Oct-2021 21:26:15.984,0.05387,-0.155623,9.65821
16-Oct-2021 21:26:15.994,0.046687,-0.15682,9.651027
16-Oct-2021 21:26:16.004,0.059855,-0.150835,9.64983
16-Oct-2021 21:26:16.013,0.052672,-0.144849,9.661801
16-Oct-2021 21:26:16.022,0.055067,-0.149638,9.671378
16-Oct-2021 21:26:16.031,0.056264,-0.148441,9.655815
16-Oct-2021 21:26:16.041,0.056264,-0.149638,9.651027
16-Oct-2021 21:26:16.050,0.04549,-0.154426,9.652225
16-Oct-2021 21:26:16.060,0.04549,-0.15682,9.645041
16-Oct-2021 21:26:16.069,0.049081,-0.152032,9.661801
16-Oct-2021 21:26:16.079,0.055067,-0.153229,9.65821
16-Oct-2021 21:26:16.088,0.043096,-0.162806,9.664195
16-Oct-2021 21:26:16.097,0.055067,-0.138864,9.667787
16-Oct-2021 21:26:16.106,0.051475,-0.154426,9.654618
16-Oct-2021 21:26:16.115,0.047884,-0.150835,9.651027
16-Oct-2021 21:26:16.125,0.050278,-0.153229,9.651027
16-Oct-2021 21:26:16.134,0.056264,-0.148441,9.661801
16-Oct-2021 21:26:16.143,0.057461,-0.142455,9.66659
16-Oct-2021 21:26:16.153,0.058658,-0.148441,9.660604
16-Oct-2021 21:26:16.163,0.049081,-0.155623,9.655815
16-Oct-2021 21:26:16.173,0.05387,-0.141258,9.657013
16-Oct-2021 21:26:16.182,0.052672,-0.143652,9.665392
16-Oct-2021 21:26:16.192,0.049081,-0.149638,9.660604
16-Oct-2021 21:26:16.201,0.05387,-0.146046,9.668983
16-Oct-2021 21:26:16.211,0.063446,-0.149638,9.65821
16-Oct-2021 21:26:16.220,0.058658,-0.150835,9.66659
16-Oct-2021 21:26:16.229,0.050278,-0.153229,9.66659
16-Oct-2021 21:26:16.238,0.052672,-0.149638,9.654618
16-Oct-2021 21:26:16.248,0.050278,-0.144849,9.662998
16-Oct-2021 21:26:16.257,0.055067,-0.150835,9.653421
16-Oct-2021 21:26:16.267,0.051475,-0.149638,9.671378
16-Oct-2021 21:26:16.277,0.05387,-0.159214,9.665392
16-Oct-2021 21:26:16.286,0.059855,-0.148441,9.65821
16-Oct-2021 21:26:16.295,0.062249,-0.153229,9.657013
16-Oct-2021 21:26:16.305,0.049081,-0.146046,9.659407
16-Oct-2021 21:26:16.314,0.051475,-0.152032,9.654618
16-Oct-2021 21:26:16.323,0.058658,-0.158017,9.655815
16-Oct-2021 21:26:16.332,0.047884,-0.136469,9.653421
16-Oct-2021 21:26:16.341,0.050278,-0.142455,9.65821
16-Oct-2021 21:26:16.350,0.057461,-0.144849,9.659407
16-Oct-2021 21:26:16.360,0.057461,-0.150835,9.652225
16-Oct-2021 21:26:16.369,0.056264,-0.142455,9.664195
16-Oct-2021 21:26:16.379,0.052672,-0.155623,9.66659
16-Oct-2021 21:26:16.388,0.051475,-0.144849,9.66659
16-Oct-2021 21:26:16.397,0.059855,-0.146046,9.660604
16-Oct-2021 21:26:16.406,0.057461,-0.149638,9.662998
16-Oct-2021 21:26:16.416,0.05387,-0.148441,9.664195
16-Oct-2021 21:26:16.425,0.051475,-0.154426,9.662998
16-Oct-2021 21:26:16.434,0.062249,-0.147243,9.651027
16-Oct-2021 21:26:16.444,0.057461,-0.146046,9.665392
16-Oct-2021 21:26:16.454,0.058658,-0.155623,9.665392
16-Oct-2021 21:26:16.463,0.050278,-0.154426,9.667787
16-Oct-2021 21:26:16.473,0.058658,-0.158017,9.662998
16-Oct-2021 21:26:16.482,0.055067,-0.149638,9.652225
16-Oct-2021 21:26:16.492,0.055067,-0.146046,9.661801
16-Oct-2021 21:26:16.501,0.052672,-0.148441,9.657013
16-Oct-2021 21:26:16.511,0.056264,-0.148441,9.665392
16-Oct-2021 21:26:16.520,0.055067,-0.150835,9.65821
16-Oct-2021 21:26:16.529,0.055067,-0.142455,9.659407
16-Oct-2021 21:26:16.539,0.058658,-0.159214,9.66659
16-Oct-2021 21:26:16.549,0.062249,-0.141258,9.671378
16-Oct-2021 21:26:16.558,0.056264,-0.152032,9.661801
16-Oct-2021 21:26:16.568,0.057461,-0.149638,9.660604
16-Oct-2021 21:26:16.579,0.05387,-0.149638,9.660604
16-Oct-2021 21:26:16.587,0.056264,-0.152032,9.667787
16-Oct-2021 21:26:16.595,0.059855,-0.150835,9.665392
16-Oct-2021 21:26:16.606,0.055067,-0.146046,9.672575
16-Oct-2021 21:26:16.615,0.058658,-0.150835,9.662998
16-Oct-2021 21:26:16.624,0.067038,-0.152032,9.668983
16-Oct-2021 21:26:16.633,0.052672,-0.160412,9.660604
16-Oct-2021 21:26:16.642,0.056264,-0.152032,9.67018
16-Oct-2021 21:26:16.651,0.047884,-0.153229,9.667787
16-Oct-2021 21:26:16.661,0.05387,-0.150835,9.659407
16-Oct-2021 21:26:16.670,0.049081,-0.152032,9.667787
16-Oct-2021 21:26:16.679,0.057461,-0.15682,9.66659
16-Oct-2021 21:26:16.689,0.057461,-0.146046,9.655815
16-Oct-2021 21:26:16.699,0.052672,-0.150835,9.665392
16-Oct-2021 21:26:16.708,0.050278,-0.144849,9.668983
16-Oct-2021 21:26:16.718,0.055067,-0.147243,9.66659
16-Oct-2021 21:26:16.727,0.061052,-0.146046,9.664195
16-Oct-2021 21:26:16.736,0.061052,-0.146046,9.653421
16-Oct-2021 21:26:16.746,0.055067,-0.144849,9.657013
16-Oct-2021 21:26:16.755,0.055067,-0.142455,9.664195
16-Oct-2021 21:26:16.764,0.059855,-0.147243,9.662998
16-Oct-2021 21:26:16.774,0.057461,-0.154426,9.667787
16-Oct-2021 21:26:16.784,0.061052,-0.152032,9.667787
16-Oct-2021 21:26:16.793,0.058658,-0.147243,9.674969
16-Oct-2021 21:26:16.802,0.05387,-0.140061,9.659407
16-Oct-2021 21:26:16.811,0.059855,-0.150835,9.65821
16-Oct-2021 21:26:16.820,0.049081,-0.143652,9.664195
16-Oct-2021 21:26:16.830,0.056264,-0.137667,9.653421
16-Oct-2021 21:26:16.839,0.052672,-0.144849,9.664195
16-Oct-2021 21:26:16.853,0.055067,-0.146046,9.665392
16-Oct-2021 21:26:16.868,0.062249,-0.144849,9.667787
16-Oct-2021 21:26:16.877,0.052672,-0.150835,9.667787
16-Oct-2021 21:26:16.886,0.05387,-0.153229,9.667787
16-Oct-2021 21:26:16.896,0.063446,-0.153229,9.673772
16-Oct-2021 21:26:16.906,0.046687,-0.148441,9.665392
16-Oct-2021 21:26:16.915,0.058658,-0.146046,9.660604
16-Oct-2021 21:26:16.925,0.056264,-0.147243,9.661801
16-Oct-2021 21:26:16.934,0.061052,-0.146046,9.654618
16-Oct-2021 21:26:16.944,0.051475,-0.150835,9.664195
16-Oct-2021 21:26:16.954,0.05387,-0.149638,9.667787
16-Oct-2021 21:26:16.963,0.047884,-0.15682,9.67018
16-Oct-2021 21:26:16.972,0.050278,-0.153229,9.660604
16-Oct-2021 21:26:16.982,0.056264,-0.148441,9.668983
16-Oct-2021 21:26:16.991,0.049081,-0.143652,9.66659
16-Oct-2021 21:26:17.001,0.05387,-0.140061,9.65821
16-Oct-2021 21:26:17.013,0.059855,-0.155623,9.66659
16-Oct-2021 21:26:17.030,0.051475,-0.152032,9.668983
16-Oct-2021 21:26:17.041,0.044293,-0.152032,9.657013
16-Oct-2021 21:26:17.051,0.055067,-0.15682,9.67018
16-Oct-2021 21:26:17.068,0.059855,-0.144849,9.667787
16-Oct-2021 21:26:17.078,0.059855,-0.138864,9.66659
16-Oct-2021 21:26:17.087,0.057461,-0.146046,9.668983
16-Oct-2021 21:26:17.097,0.049081,-0.154426,9.659407
16-Oct-2021 21:26:17.107,0.062249,-0.146046,9.676167
16-Oct-2021 21:26:17.117,0.057461,-0.149638,9.662998
16-Oct-2021 21:26:17.126,0.057461,-0.155623,9.665392
16-Oct-2021 21:26:17.135,0.050278,-0.147243,9.667787
16-Oct-2021 21:26:17.145,0.052672,-0.152032,9.671378
16-Oct-2021 21:26:17.154,0.049081,-0.148441,9.671378
16-Oct-2021 21:26:17.166,0.051475,-0.155623,9.67018
16-Oct-2021 21:26:17.174,0.058658,-0.155623,9.664195
16-Oct-2021 21:26:17.183,0.057461,-0.154426,9.673772
16-Oct-2021 21:26:17.192,0.05387,-0.152032,9.667787
16-Oct-2021 21:26:17.201,0.05387,-0.150835,9.668983
16-Oct-2021 21:26:17.211,0.056264,-0.142455,9.673772
16-Oct-2021 21:26:17.221,0.059855,-0.149638,9.673772
16-Oct-2021 21:26:17.230,0.063446,-0.136469,9.66659
16-Oct-2021 21:26:17.239,0.05387,-0.149638,9.662998
16-Oct-2021 21:26:17.248,0.059855,-0.153229,9.664195
16-Oct-2021 21:26:17.258,0.057461,-0.153229,9.661801
16-Oct-2021 21:26:17.268,0.055067,-0.154426,9.664195
16-Oct-2021 21:26:17.277,0.056264,-0.149638,9.665392
16-Oct-2021 21:26:17.287,0.055067,-0.148441,9.654618
16-Oct-2021 21:26:17.296,0.052672,-0.148441,9.668983
16-Oct-2021 21:26:17.306,0.052672,-0.149638,9.662998
16-Oct-2021 21:26:17.315,0.057461,-0.147243,9.67018
16-Oct-2021 21:26:17.324,0.051475,-0.152032,9.677363
16-Oct-2021 21:26:17.334,0.051475,-0.158017,9.665392
16-Oct-2021 21:26:17.343,0.051475,-0.152032,9.66659
16-Oct-2021 21:26:17.353,0.065841,-0.149638,9.665392
16-Oct-2021 21:26:17.363,0.061052,-0.142455,9.659407
16-Oct-2021 21:26:17.372,0.046687,-0.150835,9.665392
16-Oct-2021 21:26:17.382,0.05387,-0.148441,9.652225
16-Oct-2021 21:26:17.391,0.059855,-0.148441,9.657013
16-Oct-2021 21:26:17.401,0.058658,-0.144849,9.672575
16-Oct-2021 21:26:17.411,0.050278,-0.150835,9.668983
16-Oct-2021 21:26:17.421,0.063446,-0.147243,9.661801
16-Oct-2021 21:26:17.430,0.050278,-0.146046,9.65821
16-Oct-2021 21:26:17.440,0.057461,-0.154426,9.674969
16-Oct-2021 21:26:17.450,0.061052,-0.148441,9.665392
16-Oct-2021 21:26:17.459,0.057461,-0.15682,9.664195
16-Oct-2021 21:26:17.468,0.059855,-0.147243,9.668983
16-Oct-2021 21:26:17.478,0.058658,-0.140061,9.680955
16-Oct-2021 21:26:17.487,0.05387,-0.150835,9.674969
16-Oct-2021 21:26:17.497,0.052672,-0.148441,9.67018
16-Oct-2021 21:26:17.507,0.052672,-0.142455,9.660604
16-Oct-2021 21:26:17.517,0.056264,-0.152032,9.672575
16-Oct-2021 21:26:17.526,0.059855,-0.142455,9.664195
16-Oct-2021 21:26:17.535,0.050278,-0.148441,9.660604
16-Oct-2021 21:26:17.545,0.050278,-0.155623,9.667787
16-Oct-2021 21:26:17.554,0.056264,-0.152032,9.67018
16-Oct-2021 21:26:17.563,0.055067,-0.148441,9.668983
16-Oct-2021 21:26:17.572,0.049081,-0.155623,9.66659
16-Oct-2021 21:26:17.581,0.059855,-0.150835,9.672575
16-Oct-2021 21:26:17.591,0.051475,-0.144849,9.668983
16-Oct-2021 21:26:17.601,0.058658,-0.143652,9.660604
16-Oct-2021 21:26:17.610,0.052672,-0.147243,9.668983
16-Oct-2021 21:26:17.619,0.047884,-0.143652,9.665392
16-Oct-2021 21:26:17.629,0.05387,-0.142455,9.664195
16-Oct-2021 21:26:17.639,0.05387,-0.147243,9.662998
16-Oct-2021 21:26:17.648,0.051475,-0.148441,9.673772
16-Oct-2021 21:26:17.658,0.055067,-0.155623,9.662998
16-Oct-2021 21:26:17.667,0.063446,-0.144849,9.66659
16-Oct-2021 21:26:17.677,0.052672,-0.154426,9.664195
16-Oct-2021 21:26:17.686,0.056264,-0.141258,9.659407
16-Oct-2021 21:26:17.696,0.050278,-0.144849,9.662998
16-Oct-2021 21:26:17.706,0.055067,-0.143652,9.665392
16-Oct-2021 21:26:17.716,0.052672,-0.150835,9.673772
16-Oct-2021 21:26:17.725,0.05387,-0.152032,9.659407
16-Oct-2021 21:26:17.734,0.056264,-0.146046,9.668983
16-Oct-2021 21:26:17.744,0.057461,-0.146046,9.66659
16-Oct-2021 21:26:17.754,0.059855,-0.147243,9.662998
16-Oct-2021 21:26:17.763,0.051475,-0.147243,9.661801
16-Oct-2021 21:26:17.772,0.04549,-0.144849,9.67018
16-Oct-2021 21:26:17.782,0.059855,-0.144849,9.665392
16-Oct-2021 21:26:17.795,0.058658,-0.149638,9.661801
16-Oct-2021 21:26:17.811,0.052672,-0.146046,9.674969
16-Oct-2021 21:26:17.821,0.055067,-0.15682,9.659407
16-Oct-2021 21:26:17.830,0.058658,-0.152032,9.664195
16-Oct-2021 21:26:17.839,0.052672,-0.152032,9.660604
16-Oct-2021 21:26:17.849,0.046687,-0.159214,9.664195
16-Oct-2021 21:26:17.859,0.055067,-0.141258,9.667787
16-Oct-2021 21:26:17.868,0.059855,-0.146046,9.662998
16-Oct-2021 21:26:17.877,0.059855,-0.15682,9.67018
16-Oct-2021 21:26:17.887,0.049081,-0.149638,9.664195
16-Oct-2021 21:26:17.897,0.062249,-0.154426,9.661801
16-Oct-2021 21:26:17.906,0.057461,-0.150835,9.66659
16-Oct-2021 21:26:17.915,0.05387,-0.144849,9.657013
16-Oct-2021 21:26:17.924,0.052672,-0.136469,9.665392
16-Oct-2021 21:26:17.934,0.056264,-0.150835,9.664195
16-Oct-2021 21:26:17.944,0.057461,-0.150835,9.677363
16-Oct-2021 21:26:17.954,0.049081,-0.142455,9.667787
16-Oct-2021 21:26:17.964,0.061052,-0.149638,9.668983
16-Oct-2021 21:26:17.973,0.050278,-0.150835,9.664195
16-Oct-2021 21:26:17.982,0.061052,-0.140061,9.662998
16-Oct-2021 21:26:17.992,0.058658,-0.149638,9.661801
16-Oct-2021 21:26:18.001,0.056264,-0.138864,9.648633
16-Oct-2021 21:26:18.010,0.052672,-0.141258,9.667787
16-Oct-2021 21:26:18.019,0.055067,-0.143652,9.673772
16-Oct-2021 21:26:18.029,0.063446,-0.149638,9.667787
16-Oct-2021 21:26:18.038,0.064643,-0.152032,9.664195
16-Oct-2021 21:26:18.048,0.058658,-0.149638,9.654618
16-Oct-2021 21:26:18.058,0.052672,-0.146046,9.664195
16-Oct-2021 21:26:18.067,0.050278,-0.147243,9.662998
16-Oct-2021 21:26:18.076,0.059855,-0.150835,9.665392
16-Oct-2021 21:26:18.086,0.055067,-0.144849,9.662998
16-Oct-2021 21:26:18.095,0.056264,-0.149638,9.67018
16-Oct-2021 21:26:18.104,0.052672,-0.146046,9.660604
16-Oct-2021 21:26:18.114,0.063446,-0.137667,9.661801
16-Oct-2021 21:26:18.123,0.058658,-0.141258,9.653421
16-Oct-2021 21:26:18.133,0.061052,-0.140061,9.66659
16-Oct-2021 21:26:18.143,0.055067,-0.140061,9.654618
16-Oct-2021 21:26:18.153,0.05387,-0.148441,9.65821
16-Oct-2021 21:26:18.162,0.061052,-0.143652,9.660604
16-Oct-2021 21:26:18.171,0.056264,-0.146046,9.655815
16-Oct-2021 21:26:18.183,0.059855,-0.153229,9.65821
16-Oct-2021 21:26:18.200,0.056264,-0.148441,9.67018
16-Oct-2021 21:26:18.210,0.051475,-0.144849,9.671378
16-Oct-2021 21:26:18.220,0.05387,-0.148441,9.671378
16-Oct-2021 21:26:18.229,0.057461,-0.136469,9.647436
16-Oct-2021 21:26:18.238,0.057461,-0.147243,9.653421
16-Oct-2021 21:26:18.247,0.061052,-0.141258,9.654618
16-Oct-2021 21:26:18.257,0.047884,-0.140061,9.647436
16-Oct-2021 21:26:18.268,0.062249,-0.146046,9.65821
16-Oct-2021 21:26:18.276,0.063446,-0.147243,9.659407
16-Oct-2021 21:26:18.285,0.058658,-0.154426,9.671378
16-Oct-2021 21:26:18.295,0.057461,-0.154426,9.66659
16-Oct-2021 21:26:18.306,0.055067,-0.141258,9.662998
16-Oct-2021 21:26:18.316,0.047884,-0.146046,9.665392
16-Oct-2021 21:26:18.324,0.063446,-0.150835,9.674969
16-Oct-2021 21:26:18.334,0.05387,-0.147243,9.664195
16-Oct-2021 21:26:18.345,0.056264,-0.144849,9.662998
16-Oct-2021 21:26:18.358,0.039504,-0.153229,9.667787
16-Oct-2021 21:26:18.373,0.047884,-0.112527,9.692925
16-Oct-2021 21:26:18.384,0.434548,0.052672,9.907207
16-Oct-2021 21:26:18.392,-0.755371,-0.20231,9.491813
16-Oct-2021 21:26:18.401,0.00838,-0.002394,9.637859
16-Oct-2021 21:26:18.411,1.228225,-0.292093,9.792285
16-Oct-2021 21:26:18.422,-0.666785,-0.42138,9.516952
16-Oct-2021 21:26:18.438,-0.106542,0.29329,9.76116
16-Oct-2021 21:26:18.450,1.191115,0.019154,9.750386
16-Oct-2021 21:26:18.463,-0.543484,0.095768,9.636662
16-Oct-2021 21:26:18.479,-0.219069,-0.214281,9.685743
16-Oct-2021 21:26:18.488,0.015562,-0.132878,9.651027
16-Oct-2021 21:26:18.497,0.269348,-0.09098,9.677363
16-Oct-2021 21:26:18.507,0.626084,-0.105345,9.659407
16-Oct-2021 21:26:18.516,0.764947,-0.269348,9.676167
16-Oct-2021 21:26:18.526,0.0826,-0.448913,9.672575
16-Oct-2021 21:26:18.535,-1.066617,-0.222661,9.676167
16-Oct-2021 21:26:18.544,-0.526724,0.192733,9.67856
16-Oct-2021 21:26:18.554,1.34195,-0.021548,9.662998
16-Oct-2021 21:26:18.563,0.418985,-0.5782,9.659407
16-Oct-2021 21:26:18.573,-1.526304,-0.106542,9.674969
16-Oct-2021 21:26:18.583,0.705092,0.254982,9.672575
16-Oct-2021 21:26:18.593,1.125275,-0.530316,9.655815
16-Oct-2021 21:26:18.602,-1.620875,-0.204704,9.674969
16-Oct-2021 21:26:18.612,0.672771,0.28491,9.677363
16-Oct-2021 21:26:18.622,1.021127,-0.581791,9.660604
16-Oct-2021 21:26:18.631,-1.70108,-0.086191,9.676167
16-Oct-2021 21:26:18.640,1.174356,0.208296,9.665392
16-Oct-2021 21:26:18.649,0.389058,-0.641646,9.664195
16-Oct-2021 21:26:18.659,-1.50715,0.117316,9.677363
16-Oct-2021 21:26:18.668,1.693898,0.005986,9.665392
16-Oct-2021 21:26:18.677,-0.517148,-0.620098,9.676167
16-Oct-2021 21:26:18.687,-0.852336,0.305261,9.66659
16-Oct-2021 21:26:18.696,1.80044,-0.28491,9.66659
16-Oct-2021 21:26:18.705,-1.357512,-0.426168,9.689334
16-Oct-2021 21:26:18.715,1.332373,-0.527921,9.664195
16-Oct-2021 21:26:18.725,-1.719037,-0.168791,9.682152
16-Oct-2021 21:26:18.734,1.074997,0.226252,9.677363
16-Oct-2021 21:26:18.744,0.475249,-0.657208,9.655815
16-Oct-2021 21:26:18.753,-1.538275,0.117316,9.682152
16-Oct-2021 21:26:18.762,1.68073,0.009577,9.65821
16-Oct-2021 21:26:18.772,-0.482432,-0.62369,9.67018
16-Oct-2021 21:26:18.782,-0.88346,0.295684,9.680955
16-Oct-2021 21:26:18.791,1.806425,-0.271742,9.652225
16-Oct-2021 21:26:18.801,-1.319205,-0.444124,9.679757
16-Oct-2021 21:26:18.810,0.087388,0.344765,9.673772
16-Oct-2021 21:26:18.820,1.356315,-0.517148,9.657013
16-Oct-2021 21:26:18.830,-1.734599,-0.168791,9.694122
16-Oct-2021 21:26:18.839,1.053449,0.23942,9.67856
16-Oct-2021 21:26:18.849,0.500388,-0.65242,9.668983
16-Oct-2021 21:26:18.860,-1.555034,0.102951,9.673772
16-Oct-2021 21:26:18.868,1.643619,0.020351,9.662998
16-Oct-2021 21:26:18.877,-0.414197,-0.624887,9.671378
16-Oct-2021 21:26:18.887,-0.976834,0.280122,9.688137
16-Oct-2021 21:26:18.896,1.818396,-0.216675,9.668983
16-Oct-2021 21:26:18.906,-1.145625,-0.497994,9.68694
16-Oct-2021 21:26:18.915,-0.221464,0.353145,9.672575
16-Oct-2021 21:26:18.925,1.592144,-0.422577,9.662998
16-Oct-2021 21:26:18.935,-1.564611,-0.318429,9.676167
16-Oct-2021 21:26:18.944,0.474052,0.317232,9.665392
16-Oct-2021 21:26:18.954,1.127669,-0.566229,9.665392
16-Oct-2021 21:26:18.964,-1.698686,-0.12809,9.67856
16-Oct-2021 21:26:18.973,1.037886,0.223858,9.664195
16-Oct-2021 21:26:18.982,0.604536,-0.628478,9.673772
16-Oct-2021 21:26:18.992,-1.617283,0.029928,9.683349
16-Oct-2021 21:26:19.002,1.456872,0.104148,9.671378
16-Oct-2021 21:26:19.012,0.035913,-0.65242,9.667787
16-Oct-2021 21:26:19.022,-1.352724,0.167594,9.685743
16-Oct-2021 21:26:19.033,-0.497994,-0.60693,9.67856
16-Oct-2021 21:26:19.041,-0.96606,0.266953,9.683349
16-Oct-2021 21:26:19.051,1.782483,-0.192733,9.64983
16-Oct-2021 21:26:19.060,-0.973243,-0.523133,9.68694
16-Oct-2021 21:26:19.069,-0.506374,0.332794,9.665392
16-Oct-2021 21:26:19.078,1.702277,-0.343568,9.665392
16-Oct-2021 21:26:19.088,-1.347936,-0.410606,9.665392
16-Oct-2021 21:26:19.098,0.025139,0.342371,9.668983
16-Oct-2021 21:26:19.109,1.476025,-0.457293,9.652225
16-Oct-2021 21:26:19.117,-1.584962,-0.280122,9.67856
16-Oct-2021 21:26:19.126,0.501585,0.31364,9.677363
16-Oct-2021 21:26:19.136,1.154005,-0.553061,9.651027
16-Oct-2021 21:26:19.145,-1.685518,-0.148441,9.688137
16-Oct-2021 21:26:19.155,0.916979,0.245406,9.671378
16-Oct-2021 21:26:19.164,0.773327,-0.61531,9.665392
16-Oct-2021 21:26:19.174,-1.654393,-0.022745,9.667787
16-Oct-2021 21:26:19.183,1.280898,0.175974,9.668983
16-Oct-2021 21:26:19.193,0.324414,-0.632069,9.671378
16-Oct-2021 21:26:19.203,-1.505953,0.102951,9.676167
16-Oct-2021 21:26:19.212,1.569399,0.040701,9.65821
16-Oct-2021 21:26:19.224,-0.166397,-0.634463,9.665392
16-Oct-2021 21:26:19.241,1.727417,-0.075417,9.653421
16-Oct-2021 21:26:19.251,-0.612916,-0.596156,9.668983
16-Oct-2021 21:26:19.260,-0.870292,0.280122,9.673772
16-Oct-2021 21:26:19.269,1.772906,-0.216675,9.652225
16-Oct-2021 21:26:19.279,-1.007959,-0.511162,9.683349
16-Oct-2021 21:26:19.288,-0.465672,0.326809,9.671378
16-Oct-2021 21:26:19.299,1.687912,-0.337582,9.654618
16-Oct-2021 21:26:19.307,-1.328782,-0.420182,9.668983
16-Oct-2021 21:26:19.317,-0.046687,0.344765,9.679757
16-Oct-2021 21:26:19.326,1.514333,-0.444124,9.652225
16-Oct-2021 21:26:19.336,-1.534683,-0.328006,9.671378
16-Oct-2021 21:26:19.346,0.360327,0.318429,9.673772
16-Oct-2021 21:26:19.355,1.256956,-0.526724,9.659407
16-Oct-2021 21:26:19.365,0.758962,0.270545,9.672575
16-Oct-2021 21:26:19.374,0.943315,-0.593762,9.662998
16-Oct-2021 21:26:19.384,-1.68073,-0.081403,9.683349
16-Oct-2021 21:26:19.394,1.096544,0.21069,9.668983
16-Oct-2021 21:26:19.403,0.593762,-0.630872,9.660604
16-Oct-2021 21:26:19.413,-1.612495,0.015562,9.67018
16-Oct-2021 21:26:19.425,1.357512,0.132878,9.662998
16-Oct-2021 21:26:19.440,-1.468843,0.106542,9.688137
16-Oct-2021 21:26:19.451,1.557428,0.047884,9.64983
16-Oct-2021 21:26:19.463,-0.107739,-0.640449,9.653421
16-Oct-2021 21:26:19.472,-1.302446,0.169988,9.668983
16-Oct-2021 21:26:19.480,1.679533,-0.044293,9.651027
16-Oct-2021 21:26:19.489,-0.409408,-0.609324,9.679757
16-Oct-2021 21:26:19.499,-1.089362,0.229843,9.677363
16-Oct-2021 21:26:19.508,1.745373,-0.124498,9.652225
16-Oct-2021 21:26:19.517,-0.694318,-0.572214,9.657013
16-Oct-2021 21:26:19.527,-0.852336,0.272939,9.674969
16-Oct-2021 21:26:19.537,1.74657,-0.197522,9.653421
16-Oct-2021 21:26:19.547,-0.903811,-0.529119,9.671378
16-Oct-2021 21:26:19.556,-0.634463,0.316035,9.674969
16-Oct-2021 21:26:19.565,1.731008,-0.262165,9.648633
16-Oct-2021 21:26:19.575,-1.088165,-0.476446,9.676167
16-Oct-2021 21:26:19.588,1.68073,-0.324414,9.651027
16-Oct-2021 21:26:19.605,-1.255759,-0.435745,9.673772
16-Oct-2021 21:26:19.614,-0.19393,0.332794,9.674969
16-Oct-2021 21:26:19.624,1.596933,-0.390255,9.64983
16-Oct-2021 21:26:19.633,-1.376666,-0.384269,9.657013
16-Oct-2021 21:26:19.642,0.014365,0.3304,9.665392
16-Oct-2021 21:26:19.652,1.496376,-0.436942,9.651027
16-Oct-2021 21:26:19.662,-1.497573,-0.326809,9.676167
16-Oct-2021 21:26:19.671,0.265756,0.324414,9.667787
16-Oct-2021 21:26:19.680,1.346738,-0.4956,9.654618
16-Oct-2021 21:26:19.690,0.551863,0.305261,9.65821
16-Oct-2021 21:26:19.699,1.136049,-0.551863,9.642648
16-Oct-2021 21:26:19.709,-1.653196,-0.167594,9.674969
16-Oct-2021 21:26:19.718,0.804452,0.262165,9.665392
16-Oct-2021 21:26:19.729,0.920571,-0.582988,9.655815
16-Oct-2021 21:26:19.737,-1.655591,-0.081403,9.673772
16-Oct-2021 21:26:19.746,1.034295,0.23104,9.660604
16-Oct-2021 21:26:19.757,0.693121,-0.612916,9.643845
16-Oct-2021 21:26:19.765,-1.642422,-0.029928,9.652225
16-Oct-2021 21:26:19.775,1.224634,0.162806,9.655815
16-Oct-2021 21:26:19.784,0.585382,-0.565032,9.667787
16-Oct-2021 21:26:19.794,-0.424971,-0.225055,9.652225
16-Oct-2021 21:26:19.803,0.405817,-0.07422,9.674969
16-Oct-2021 21:26:19.813,-0.168791,0.174777,9.672575
16-Oct-2021 21:26:19.823,-1.150414,-0.373495,9.605537
16-Oct-2021 21:26:19.832,1.355118,0.002394,9.730036
16-Oct-2021 21:26:19.841,-0.379481,-0.409408,9.601946
16-Oct-2021 21:26:19.850,-0.741005,-0.023942,9.617508
16-Oct-2021 21:26:19.860,0.013168,-0.050278,9.672575
16-Oct-2021 21:26:19.870,0.063446,-0.152032,9.647436
16-Oct-2021 21:26:19.879,0.031125,-0.211887,9.619903
16-Oct-2021 21:26:19.889,0.494403,-0.222661,9.645041
16-Oct-2021 21:26:19.898,0.97444,-0.089783,9.832987
16-Oct-2021 21:26:19.910,-0.40462,-0.07422,9.759963
16-Oct-2021 21:26:19.918,-0.775721,-0.220267,9.2907
16-Oct-2021 21:26:19.928,0.987608,-0.025139,9.96347
16-Oct-2021 21:26:19.937,-0.222661,-0.397437,9.56723
16-Oct-2021 21:26:19.951,0.094571,-0.35913,9.793482
16-Oct-2021 21:26:19.968,0.062249,-0.043096,9.539697
16-Oct-2021 21:26:19.976,0.132878,-0.172383,9.788693
16-Oct-2021 21:26:19.986,0.002394,-0.178368,9.516952
16-Oct-2021 21:26:19.995,0.039504,-0.12809,9.779117
16-Oct-2021 21:26:20.004,0.049081,-0.147243,9.703699
16-Oct-2021 21:26:20.013,0.080206,-0.159214,9.643845
16-Oct-2021 21:26:20.022,0.027533,-0.153229,9.635465
16-Oct-2021 21:26:20.032,0.047884,-0.136469,9.668983
16-Oct-2021 21:26:20.043,0.03711,-0.153229,9.631873
16-Oct-2021 21:26:20.052,0.063446,-0.147243,9.668983
16-Oct-2021 21:26:20.062,0.059855,-0.147243,9.643845
16-Oct-2021 21:26:20.071,0.050278,-0.159214,9.676167
16-Oct-2021 21:26:20.080,0.046687,-0.131681,9.651027
16-Oct-2021 21:26:20.090,0.046687,-0.149638,9.646238
16-Oct-2021 21:26:20.100,0.05387,-0.150835,9.642648
16-Oct-2021 21:26:20.109,0.058658,-0.152032,9.647436
16-Oct-2021 21:26:20.122,0.049081,-0.140061,9.668983
16-Oct-2021 21:26:20.139,0.052672,-0.146046,9.660604
16-Oct-2021 21:26:20.148,0.052672,-0.154426,9.64983
16-Oct-2021 21:26:20.157,0.051475,-0.143652,9.662998
16-Oct-2021 21:26:20.169,0.056264,-0.142455,9.655815
16-Oct-2021 21:26:20.186,0.063446,-0.141258,9.657013
16-Oct-2021 21:26:20.195,0.050278,-0.144849,9.637859
16-Oct-2021 21:26:20.205,0.057461,-0.153229,9.653421
16-Oct-2021 21:26:20.214,0.055067,-0.153229,9.653421
16-Oct-2021 21:26:20.224,0.055067,-0.147243,9.657013
16-Oct-2021 21:26:20.237,0.056264,-0.147243,9.653421
16-Oct-2021 21:26:20.250,0.057461,-0.154426,9.65821
16-Oct-2021 21:26:20.262,0.05387,-0.138864,9.642648
16-Oct-2021 21:26:20.272,0.046687,-0.144849,9.640253
16-Oct-2021 21:26:20.282,0.049081,-0.150835,9.645041
16-Oct-2021 21:26:20.293,0.058658,-0.152032,9.646238
16-Oct-2021 21:26:20.301,0.055067,-0.144849,9.646238
16-Oct-2021 21:26:20.310,0.064643,-0.15682,9.648633
16-Oct-2021 21:26:20.320,0.059855,-0.143652,9.648633
16-Oct-2021 21:26:20.331,0.05387,-0.148441,9.643845
16-Oct-2021 21:26:20.340,0.051475,-0.154426,9.647436
16-Oct-2021 21:26:20.350,0.057461,-0.148441,9.646238
16-Oct-2021 21:26:20.360,0.047884,-0.150835,9.655815
16-Oct-2021 21:26:20.370,0.063446,-0.166397,9.654618
16-Oct-2021 21:26:20.378,0.052672,-0.140061,9.652225
16-Oct-2021 21:26:20.388,0.049081,-0.147243,9.636662
16-Oct-2021 21:26:20.398,0.056264,-0.162806,9.653421
16-Oct-2021 21:26:20.407,0.050278,-0.142455,9.643845
16-Oct-2021 21:26:20.417,0.061052,-0.136469,9.637859
16-Oct-2021 21:26:20.427,0.049081,-0.155623,9.642648
16-Oct-2021 21:26:20.436,0.051475,-0.153229,9.636662
16-Oct-2021 21:26:20.447,0.062249,-0.150835,9.655815
16-Oct-2021 21:26:20.455,0.049081,-0.131681,9.643845
16-Oct-2021 21:26:20.464,0.055067,-0.152032,9.639056
16-Oct-2021 21:26:20.473,0.059855,-0.164003,9.640253
16-Oct-2021 21:26:20.483,0.064643,-0.136469,9.667787
16-Oct-2021 21:26:20.492,0.055067,-0.148441,9.651027
16-Oct-2021 21:26:20.501,0.047884,-0.153229,9.647436
16-Oct-2021 21:26:20.511,0.05387,-0.160412,9.631873
16-Oct-2021 21:26:20.522,0.04549,-0.138864,9.637859
16-Oct-2021 21:26:20.530,0.049081,-0.144849,9.645041
16-Oct-2021 21:26:20.540,0.043096,-0.153229,9.625888
16-Oct-2021 21:26:20.549,0.050278,-0.148441,9.660604
16-Oct-2021 21:26:20.559,0.065841,-0.147243,9.648633
16-Oct-2021 21:26:20.568,0.055067,-0.143652,9.64145
16-Oct-2021 21:26:20.577,0.051475,-0.153229,9.633071
16-Oct-2021 21:26:20.587,0.043096,-0.142455,9.643845
16-Oct-2021 21:26:20.596,0.047884,-0.150835,9.659407
16-Oct-2021 21:26:20.606,0.068235,-0.152032,9.657013
16-Oct-2021 21:26:20.616,0.052672,-0.150835,9.643845
16-Oct-2021 21:26:20.625,0.052672,-0.150835,9.643845
16-Oct-2021 21:26:20.642,0.059855,-0.150835,9.636662
16-Oct-2021 21:26:20.654,0.049081,-0.143652,9.647436
16-Oct-2021 21:26:20.664,0.056264,-0.15682,9.642648
16-Oct-2021 21:26:20.676,0.040701,-0.152032,9.648633
16-Oct-2021 21:26:20.693,0.051475,-0.155623,9.640253
16-Oct-2021 21:26:20.702,0.055067,-0.154426,9.64145
16-Oct-2021 21:26:20.715,0.056264,-0.153229,9.648633
16-Oct-2021 21:26:20.728,0.04549,-0.141258,9.636662
16-Oct-2021 21:26:20.741,0.062249,-0.152032,9.636662
16-Oct-2021 21:26:20.751,0.041899,-0.149638,9.648633
16-Oct-2021 21:26:20.760,0.050278,-0.152032,9.64983
16-Oct-2021 21:26:20.770,0.052672,-0.149638,9.646238
16-Oct-2021 21:26:20.779,0.044293,-0.144849,9.651027
16-Oct-2021 21:26:20.789,0.04549,-0.149638,9.643845
16-Oct-2021 21:26:20.798,0.056264,-0.15682,9.645041
16-Oct-2021 21:26:20.808,0.051475,-0.152032,9.633071
16-Oct-2021 21:26:20.817,0.050278,-0.143652,9.628283
16-Oct-2021 21:26:20.827,0.051475,-0.143652,9.640253
16-Oct-2021 21:26:20.836,0.058658,-0.153229,9.655815
16-Oct-2021 21:26:20.846,0.051475,-0.147243,9.646238
16-Oct-2021 21:26:20.855,0.044293,-0.143652,9.651027
16-Oct-2021 21:26:20.865,0.046687,-0.149638,9.64983
16-Oct-2021 21:26:20.874,0.049081,-0.143652,9.643845
16-Oct-2021 21:26:20.883,0.052672,-0.147243,9.64983
16-Oct-2021 21:26:20.892,0.057461,-0.150835,9.64983
16-Oct-2021 21:26:20.902,0.04549,-0.153229,9.634268
16-Oct-2021 21:26:20.911,0.057461,-0.141258,9.625888
16-Oct-2021 21:26:20.921,0.051475,-0.141258,9.636662
16-Oct-2021 21:26:20.930,0.047884,-0.141258,9.648633
16-Oct-2021 21:26:20.944,0.052672,-0.141258,9.64145
16-Oct-2021 21:26:20.960,0.052672,-0.147243,9.64145
16-Oct-2021 21:26:20.969,0.044293,-0.143652,9.634268
16-Oct-2021 21:26:20.978,0.055067,-0.149638,9.648633
16-Oct-2021 21:26:20.988,0.050278,-0.137667,9.635465
16-Oct-2021 21:26:20.998,0.049081,-0.147243,9.634268
16-Oct-2021 21:26:21.009,0.04549,-0.160412,9.651027
16-Oct-2021 21:26:21.021,0.057461,-0.147243,9.652225
16-Oct-2021 21:26:21.037,0.050278,-0.148441,9.633071
16-Oct-2021 21:26:21.047,0.05387,-0.140061,9.630676
16-Oct-2021 21:26:21.056,0.05387,-0.146046,9.643845
16-Oct-2021 21:26:21.066,0.05387,-0.154426,9.647436
16-Oct-2021 21:26:21.075,0.062249,-0.138864,9.640253
16-Oct-2021 21:26:21.085,0.050278,-0.153229,9.627085
16-Oct-2021 21:26:21.097,0.049081,-0.146046,9.646238
16-Oct-2021 21:26:21.105,0.05387,-0.158017,9.64145
16-Oct-2021 21:26:21.116,0.049081,-0.146046,9.627085
16-Oct-2021 21:26:21.128,0.049081,-0.149638,9.659407
16-Oct-2021 21:26:21.143,0.059855,-0.147243,9.646238
16-Oct-2021 21:26:21.153,0.044293,-0.138864,9.640253
16-Oct-2021 21:26:21.162,0.051475,-0.149638,9.629479
16-Oct-2021 21:26:21.171,0.046687,-0.146046,9.640253
16-Oct-2021 21:26:21.181,0.052672,-0.148441,9.647436
16-Oct-2021 21:26:21.191,0.051475,-0.148441,9.64145
16-Oct-2021 21:26:21.200,0.05387,-0.153229,9.646238
16-Oct-2021 21:26:21.211,0.050278,-0.153229,9.646238
16-Oct-2021 21:26:21.219,0.050278,-0.152032,9.628283
16-Oct-2021 21:26:21.229,0.057461,-0.155623,9.639056
16-Oct-2021 21:26:21.238,0.052672,-0.150835,9.631873
16-Oct-2021 21:26:21.251,0.052672,-0.154426,9.640253
16-Oct-2021 21:26:21.266,0.04549,-0.144849,9.634268
16-Oct-2021 21:26:21.277,0.051475,-0.152032,9.651027
16-Oct-2021 21:26:21.285,0.057461,-0.146046,9.636662
16-Oct-2021 21:26:21.295,0.05387,-0.148441,9.64145
16-Oct-2021 21:26:21.304,0.055067,-0.148441,9.636662
16-Oct-2021 21:26:21.313,0.055067,-0.148441,9.621099
16-Oct-2021 21:26:21.323,0.056264,-0.144849,9.629479
16-Oct-2021 21:26:21.333,0.041899,-0.150835,9.611523
16-Oct-2021 21:26:21.342,0.047884,-0.144849,9.625888
16-Oct-2021 21:26:21.352,0.04549,-0.161609,9.67018
16-Oct-2021 21:26:21.361,0.067038,-0.164003,9.680955
16-Oct-2021 21:26:21.371,0.059855,-0.141258,9.677363
16-Oct-2021 21:26:21.381,0.056264,-0.149638,9.617508
16-Oct-2021 21:26:21.391,0.057461,-0.154426,9.600749
16-Oct-2021 21:26:21.401,0.034716,-0.149638,9.611523
16-Oct-2021 21:26:21.409,0.049081,-0.142455,9.630676
16-Oct-2021 21:26:21.419,0.058658,-0.146046,9.65821
16-Oct-2021 21:26:21.428,0.059855,-0.154426,9.64983
16-Oct-2021 21:26:21.437,0.040701,-0.137667,9.647436
16-Oct-2021 21:26:21.447,0.046687,-0.137667,9.613917
16-Oct-2021 21:26:21.456,0.050278,-0.15682,9.624691
16-Oct-2021 21:26:21.467,0.056264,-0.152032,9.640253
16-Oct-2021 21:26:21.475,0.052672,-0.142455,9.652225
16-Oct-2021 21:26:21.485,0.051475,-0.153229,9.645041
16-Oct-2021 21:26:21.494,0.056264,-0.148441,9.629479
16-Oct-2021 21:26:21.503,0.049081,-0.153229,9.625888
16-Oct-2021 21:26:21.514,0.057461,-0.144849,9.634268
16-Oct-2021 21:26:21.522,0.050278,-0.158017,9.64983
16-Oct-2021 21:26:21.536,0.055067,-0.148441,9.639056
16-Oct-2021 21:26:21.551,0.059855,-0.150835,9.633071
16-Oct-2021 21:26:21.563,0.052672,-0.153229,9.636662
16-Oct-2021 21:26:21.580,0.03711,-0.158017,9.628283
16-Oct-2021 21:26:21.595,0.055067,-0.154426,9.646238
16-Oct-2021 21:26:21.609,0.047884,-0.140061,9.611523
16-Oct-2021 21:26:21.619,0.049081,-0.136469,9.635465
16-Oct-2021 21:26:21.629,0.050278,-0.146046,9.640253
16-Oct-2021 21:26:21.637,0.050278,-0.146046,9.640253
16-Oct-2021 21:26:21.646,0.056264,-0.154426,9.630676
16-Oct-2021 21:26:21.656,0.04549,-0.149638,9.642648
16-Oct-2021 21:26:21.666,0.049081,-0.150835,9.654618
16-Oct-2021 21:26:21.675,0.058658,-0.144849,9.653421
16-Oct-2021 21:26:21.686,0.049081,-0.144849,9.639056
16-Oct-2021 21:26:21.694,0.023942,-0.154426,9.630676
16-Oct-2021 21:26:21.705,0.057461,-0.114922,9.645041
16-Oct-2021 21:26:21.713,0.010774,-0.271742,9.55047
16-Oct-2021 21:26:21.722,0.551863,0.077812,9.813833
16-Oct-2021 21:26:21.732,-0.553061,-0.243011,9.603143
16-Oct-2021 21:26:21.742,-0.31364,0.051475,9.467871
16-Oct-2021 21:26:21.751,1.280898,-0.342371,9.85214
16-Oct-2021 21:26:21.760,-0.59855,-0.413,9.460688
16-Oct-2021 21:26:21.770,-0.288501,0.288501,9.731233
16-Oct-2021 21:26:21.779,0.135272,-0.59855,9.551667
16-Oct-2021 21:26:21.789,1.078588,0.076614,9.727641
16-Oct-2021 21:26:21.800,-0.803255,0.063446,9.592369
16-Oct-2021 21:26:21.809,-0.630872,-0.191536,9.586384
16-Oct-2021 21:26:21.818,-0.104148,-0.269348,9.621099
16-Oct-2021 21:26:21.828,0.009577,-0.161609,9.655815
16-Oct-2021 21:26:21.838,0.11971,-0.061052,9.733627
16-Oct-2021 21:26:21.848,0.45849,-0.039504,9.624691
16-Oct-2021 21:26:21.857,0.827197,-0.172383,9.594764
16-Oct-2021 21:26:21.866,0.592565,-0.395043,9.591172
16-Oct-2021 21:26:21.876,-0.600945,-0.379481,9.636662
16-Oct-2021 21:26:21.885,-1.11091,0.033519,9.680955
16-Oct-2021 21:26:21.894,0.62369,0.1652,9.647436
16-Oct-2021 21:26:21.904,1.321599,-0.393846,9.607931
16-Oct-2021 21:26:21.913,-1.072602,-0.420182,9.627085
16-Oct-2021 21:26:21.923,-0.640449,0.268151,9.645041
16-Oct-2021 21:26:21.933,1.702277,-0.183156,9.642648
16-Oct-2021 21:26:21.942,-0.731429,-0.562637,9.617508
16-Oct-2021 21:26:21.952,-0.829591,0.287304,9.662998
16-Oct-2021 21:26:21.961,1.76333,-0.21069,9.623494
16-Oct-2021 21:26:21.971,-0.336385,0.339977,9.631873
16-Oct-2021 21:26:21.980,1.624466,-0.42138,9.627085
16-Oct-2021 21:26:21.990,-1.59813,-0.306458,9.652225
16-Oct-2021 21:26:21.999,0.575805,0.328006,9.636662
16-Oct-2021 21:26:22.012,0.96606,-0.602142,9.619903
16-Oct-2021 21:26:22.029,1.447295,0.134075,9.637859
16-Oct-2021 21:26:22.038,-0.080206,-0.656011,9.629479
16-Oct-2021 21:26:22.049,-1.207875,0.240617,9.633071
16-Oct-2021 21:26:22.057,1.833959,-0.180762,9.61272
16-Oct-2021 21:26:22.066,-1.124078,-0.509965,9.646238
16-Oct-2021 21:26:22.076,-0.172383,0.360327,9.635465
16-Oct-2021 21:26:22.086,1.514333,-0.481235,9.624691
16-Oct-2021 21:26:22.095,-1.711854,-0.222661,9.64983
16-Oct-2021 21:26:22.104,0.942118,0.269348,9.629479
16-Oct-2021 21:26:22.114,0.582988,-0.651223,9.613917
16-Oct-2021 21:26:22.123,-1.584962,0.095768,9.635465
16-Oct-2021 21:26:22.133,1.691504,0.004788,9.615114
16-Oct-2021 21:26:22.142,-0.521936,-0.620098,9.639056
16-Oct-2021 21:26:22.152,-0.864307,0.300472,9.643845
16-Oct-2021 21:26:22.162,1.80044,-0.305261,9.616311
16-Oct-2021 21:26:22.171,-1.385046,-0.424971,9.64145
16-Oct-2021 21:26:22.181,0.168791,0.342371,9.631873
16-Oct-2021 21:26:22.190,1.29646,-0.54109,9.628283
16-Oct-2021 21:26:22.199,-1.73819,-0.147243,9.637859
16-Oct-2021 21:26:22.209,1.11091,0.229843,9.634268
16-Oct-2021 21:26:22.220,0.444124,-0.65242,9.619903
16-Oct-2021 21:26:22.228,-1.54426,0.112527,9.640253
16-Oct-2021 21:26:22.244,-0.47884,-0.616507,9.648633
16-Oct-2021 21:26:22.258,-0.924162,0.286107,9.639056
16-Oct-2021 21:26:22.267,1.798046,-0.244209,9.630676
16-Oct-2021 21:26:22.277,-1.199495,-0.500388,9.646238
16-Oct-2021 21:26:22.286,-0.148441,0.354342,9.622296
16-Oct-2021 21:26:22.296,-1.613692,-0.299275,9.599552
16-Oct-2021 21:26:22.305,0.639252,0.240617,9.619903
16-Oct-2021 21:26:22.315,0.895431,-0.503979,9.625888
16-Oct-2021 21:26:22.324,-1.649605,-0.035913,9.719262
16-Oct-2021 21:26:22.334,1.328782,0.245406,9.496601
16-Oct-2021 21:26:22.343,0.150835,-0.5782,9.744401
16-Oct-2021 21:26:22.353,-1.400608,0.215478,9.554062
16-Oct-2021 21:26:22.362,1.70946,-0.014365,9.65821
16-Oct-2021 21:26:22.371,-0.618901,-0.647632,9.637859
16-Oct-2021 21:26:22.381,-0.816423,0.262165,9.631873
16-Oct-2021 21:26:22.390,1.793257,-0.311246,9.597157
16-Oct-2021 21:26:22.400,-1.200692,-0.506374,9.64145
16-Oct-2021 21:26:22.409,-0.149638,0.323217,9.631873
16-Oct-2021 21:26:22.419,1.550246,-0.469264,9.622296
16-Oct-2021 21:26:22.428,-1.56102,-0.377087,9.637859
16-Oct-2021 21:26:22.438,0.501585,0.36751,9.673772
16-Oct-2021 21:26:22.448,1.091756,-0.591368,9.554062
16-Oct-2021 21:26:22.457,-1.75495,-0.055067,9.756371
16-Oct-2021 21:26:22.467,1.136049,0.23942,9.506178
16-Oct-2021 21:26:22.477,0.489614,-0.600945,9.712079
16-Oct-2021 21:26:22.486,-1.557428,0.073023,9.609129
16-Oct-2021 21:26:22.498,1.472434,0.138864,9.636662
16-Oct-2021 21:26:22.515,-1.310825,0.205901,9.628283
16-Oct-2021 21:26:22.525,1.714248,-0.040701,9.633071
16-Oct-2021 21:26:22.534,-0.574608,-0.586579,9.617508
16-Oct-2021 21:26:22.543,-0.899023,0.281319,9.630676
16-Oct-2021 21:26:22.553,1.766921,-0.216675,9.625888
16-Oct-2021 21:26:22.562,-1.017536,-0.51595,9.639056
16-Oct-2021 21:26:22.572,-0.469264,0.353145,9.640253
16-Oct-2021 21:26:22.581,1.687912,-0.325611,9.595961
16-Oct-2021 21:26:22.591,-1.291672,-0.445322,9.616311
16-Oct-2021 21:26:22.601,-0.120907,0.442927,9.718064
16-Oct-2021 21:26:22.610,1.58137,-0.48722,9.48463
16-Oct-2021 21:26:22.620,0.271742,0.317232,9.479841
16-Oct-2021 21:26:22.629,1.326388,-0.477643,9.73243
16-Oct-2021 21:26:22.639,-1.523909,-0.253785,9.574412
16-Oct-2021 21:26:22.648,0.37589,0.290895,9.643845
16-Oct-2021 21:26:22.658,1.273715,-0.502782,9.628283
16-Oct-2021 21:26:22.667,-1.601721,-0.223858,9.603143
16-Oct-2021 21:26:22.676,0.505177,0.316035,9.655815
16-Oct-2021 21:26:22.686,1.183933,-0.514753,9.587581
16-Oct-2021 21:26:22.695,-1.653196,-0.185551,9.642648
16-Oct-2021 21:26:22.705,0.667982,0.294487,9.639056
16-Oct-2021 21:26:22.715,1.049857,-0.557849,9.593566
16-Oct-2021 21:26:22.724,-1.678335,-0.123301,9.646238
16-Oct-2021 21:26:22.734,0.878672,0.266953,9.613917
16-Oct-2021 21:26:22.744,0.843956,-0.591368,9.630676
16-Oct-2021 21:26:22.754,-1.667562,-0.050278,9.622296
16-Oct-2021 21:26:22.763,1.10253,0.198719,9.621099
16-Oct-2021 21:26:22.773,0.594959,-0.616507,9.633071
16-Oct-2021 21:26:22.783,-1.614889,0.00838,9.624691
16-Oct-2021 21:26:22.792,1.280898,0.164003,9.634268
16-Oct-2021 21:26:22.802,0.341174,-0.628478,9.604341
16-Oct-2021 21:26:22.812,-1.537078,0.079009,9.651027
16-Oct-2021 21:26:22.821,1.455675,0.112527,9.623494
16-Oct-2021 21:26:22.831,0.083797,-0.62369,9.631873
16-Oct-2021 21:26:22.841,-1.412579,0.152032,9.645041
16-Oct-2021 21:26:22.850,1.594538,0.039504,9.617508
16-Oct-2021 21:26:22.860,-0.226252,-0.60693,9.610326
16-Oct-2021 21:26:22.869,-1.23062,0.225055,9.631873
16-Oct-2021 21:26:22.879,1.702277,-0.058658,9.617508
16-Oct-2021 21:26:22.889,-0.530316,-0.582988,9.635465
16-Oct-2021 21:26:22.898,-0.981623,0.275333,9.653421
16-Oct-2021 21:26:22.908,1.756147,-0.150835,9.616311
16-Oct-2021 21:26:22.917,-0.820014,-0.550666,9.630676
16-Oct-2021 21:26:22.927,-0.723049,0.312443,9.64983
16-Oct-2021 21:26:22.937,1.744176,-0.250194,9.598354
16-Oct-2021 21:26:22.946,-1.107318,-0.471658,9.640253
16-Oct-2021 21:26:22.957,1.66397,-0.333991,9.613917
16-Oct-2021 21:26:22.965,-1.33357,-0.415394,9.636662
16-Oct-2021 21:26:22.975,-0.057461,0.337582,9.637859
16-Oct-2021 21:26:22.984,1.522712,-0.423774,9.603143
16-Oct-2021 21:26:22.994,-1.504756,-0.323217,9.630676
16-Oct-2021 21:26:23.004,0.275333,0.343568,9.630676
16-Oct-2021 21:26:23.013,1.322796,-0.492008,9.610326
16-Oct-2021 21:26:23.022,-1.632846,-0.228646,9.624691
16-Oct-2021 21:26:23.032,0.608127,0.319626,9.625888
16-Oct-2021 21:26:23.041,1.074997,-0.553061,9.611523
16-Oct-2021 21:26:23.051,-1.666364,-0.129287,9.645041
16-Oct-2021 21:26:23.060,0.893037,0.271742,9.631873
16-Oct-2021 21:26:23.070,0.827197,-0.587777,9.615114
16-Oct-2021 21:26:23.079,-1.67235,-0.056264,9.629479
16-Oct-2021 21:26:23.089,1.126472,0.223858,9.636662
16-Oct-2021 21:26:23.101,0.565032,-0.616507,9.618706
16-Oct-2021 21:26:23.110,-1.608904,0.031125,9.636662
16-Oct-2021 21:26:23.119,1.349133,0.159214,9.622296
16-Oct-2021 21:26:23.129,0.465672,-0.560243,9.623494
16-Oct-2021 21:26:23.138,-0.392649,-0.198719,9.61272
16-Oct-2021 21:26:23.148,0.416591,-0.025139,9.636662
16-Oct-2021 21:26:23.157,-0.323217,0.213084,9.635465
16-Oct-2021 21:26:23.166,-0.96606,-0.409408,9.580399
16-Oct-2021 21:26:23.175,1.14802,0.083797,9.679757
16-Oct-2021 21:26:23.185,-0.088585,-0.434548,9.588778
16-Oct-2021 21:26:23.195,-0.821211,-0.056264,9.587581
16-Oct-2021 21:26:23.204,-0.102951,-0.027533,9.631873
16-Oct-2021 21:26:23.216,0.124498,-0.195127,9.587581
16-Oct-2021 21:26:23.233,0.563834,-0.20231,9.628283
16-Oct-2021 21:26:23.243,0.781707,-0.061052,9.775525
16-Oct-2021 21:26:23.252,-0.538695,-0.084994,9.652225
16-Oct-2021 21:26:23.262,-0.474052,-0.207098,9.342175
16-Oct-2021 21:26:23.271,0.758962,0.021548,9.437943
16-Oct-2021 21:26:23.280,0.016759,0.150835,9.660604
16-Oct-2021 21:26:23.293,0.050278,-0.318429,9.65821
16-Oct-2021 21:26:23.309,0.160412,-0.166397,9.67018
16-Oct-2021 21:26:23.318,-0.016759,-0.152032,9.585187
16-Oct-2021 21:26:23.327,0.055067,-0.130484,9.65821
16-Oct-2021 21:26:23.337,0.041899,-0.129287,9.604341
16-Oct-2021 21:26:23.346,0.046687,-0.140061,9.653421
16-Oct-2021 21:26:23.355,0.050278,-0.124498,9.610326
16-Oct-2021 21:26:23.364,0.038307,-0.150835,9.643845
16-Oct-2021 21:26:23.374,0.044293,-0.125696,9.603143
16-Oct-2021 21:26:23.384,0.040701,-0.135272,9.639056
16-Oct-2021 21:26:23.393,0.046687,-0.135272,9.607931
16-Oct-2021 21:26:23.404,0.043096,-0.132878,9.630676
16-Oct-2021 21:26:23.412,0.052672,-0.123301,9.622296
16-Oct-2021 21:26:23.422,0.046687,-0.12809,9.624691
16-Oct-2021 21:26:23.432,0.046687,-0.123301,9.633071
16-Oct-2021 21:26:23.441,0.041899,-0.134075,9.623494
16-Oct-2021 21:26:23.451,0.051475,-0.140061,9.613917
16-Oct-2021 21:26:23.462,0.044293,-0.132878,9.635465
16-Oct-2021 21:26:23.470,0.04549,-0.130484,9.617508
16-Oct-2021 21:26:23.480,0.04549,-0.140061,9.616311
16-Oct-2021 21:26:23.489,0.034716,-0.137667,9.633071
16-Oct-2021 21:26:23.499,0.046687,-0.134075,9.615114
16-Oct-2021 21:26:23.508,0.044293,-0.135272,9.625888
16-Oct-2021 21:26:23.517,0.044293,-0.122104,9.635465
16-Oct-2021 21:26:23.527,0.04549,-0.126893,9.617508
16-Oct-2021 21:26:23.536,0.051475,-0.135272,9.627085
16-Oct-2021 21:26:23.545,0.049081,-0.142455,9.619903
16-Oct-2021 21:26:23.555,0.035913,-0.130484,9.629479
16-Oct-2021 21:26:23.564,0.039504,-0.132878,9.624691
16-Oct-2021 21:26:23.574,0.040701,-0.138864,9.623494
16-Oct-2021 21:26:23.588,0.047884,-0.141258,9.628283
16-Oct-2021 21:26:23.603,0.032322,-0.144849,9.668983
16-Oct-2021 21:26:23.613,0.067038,-0.106542,9.552865
16-Oct-2021 21:26:23.623,0.014365,-0.181959,9.716867
16-Oct-2021 21:26:23.632,0.070629,-0.073023,9.524135
16-Oct-2021 21:26:23.641,0.004788,-0.192733,9.703699
16-Oct-2021 21:26:23.652,0.07422,-0.102951,9.537302
16-Oct-2021 21:26:23.660,0.025139,-0.166397,9.692925
16-Oct-2021 21:26:23.670,0.059855,-0.12809,9.580399
16-Oct-2021 21:26:23.679,0.039504,-0.138864,9.645041
16-Oct-2021 21:26:23.689,0.057461,-0.123301,9.609129
16-Oct-2021 21:26:23.698,0.040701,-0.130484,9.627085
16-Oct-2021 21:26:23.707,0.039504,-0.137667,9.625888
16-Oct-2021 21:26:23.717,0.051475,-0.138864,9.594764
16-Oct-2021 21:26:23.726,0.023942,-0.125696,9.65821
16-Oct-2021 21:26:23.736,0.080206,-0.144849,9.579201
16-Oct-2021 21:26:23.746,0.032322,-0.093374,9.67018
16-Oct-2021 21:26:23.755,0.062249,-0.142455,9.595961
